
**** Build of configuration Debug for project ECE_2560_Quiz3 ****

"C:\\ti\\ccs1281\\ccs\\utils\\bin\\gmake" -k -j 20 all -O 
 
Building file: "../main.asm"
Invoking: MSP430 Compiler
"C:/ti/ccs1281/ccs/tools/compiler/ti-cgt-msp430_21.6.1.LTS/bin/cl430" -vmspx --code_model=small --data_model=small --use_hw_mpy=F5 --include_path="C:/ti/ccs1281/ccs/ccs_base/msp430/include" --include_path="C:/Users/evanm/OneDrive/Desktop/Github Projects/OSU-Classes/ECE 2560/ECE_2560_Quiz3" --include_path="C:/ti/ccs1281/ccs/tools/compiler/ti-cgt-msp430_21.6.1.LTS/include" --advice:power=all --advice:hw_config=all --define=__MSP430FR6989__ --define=_MPU_ENABLE -g --printf_support=minimal --diag_warning=225 --diag_wrap=off --display_error_number --silicon_errata=CPU21 --silicon_errata=CPU22 --silicon_errata=CPU40 --preproc_with_compile --preproc_dependency="main.d_raw"  "../main.asm"
Finished building: "../main.asm"
 
Building target: "ECE_2560_Quiz3.out"
Invoking: MSP430 Linker
"C:/ti/ccs1281/ccs/tools/compiler/ti-cgt-msp430_21.6.1.LTS/bin/cl430" -vmspx --code_model=small --data_model=small --use_hw_mpy=F5 --advice:power=all --advice:hw_config=all --define=__MSP430FR6989__ --define=_MPU_ENABLE -g --printf_support=minimal --diag_warning=225 --diag_wrap=off --display_error_number --silicon_errata=CPU21 --silicon_errata=CPU22 --silicon_errata=CPU40 -z -m"ECE_2560_Quiz3.map" --heap_size=0 --stack_size=0 --cinit_hold_wdt=on -i"C:/ti/ccs1281/ccs/ccs_base/msp430/include" -i"C:/ti/ccs1281/ccs/ccs_base/msp430/lib/5xx_6xx_FRxx" -i"C:/ti/ccs1281/ccs/ccs_base/msp430/lib/FR59xx" -i"C:/ti/ccs1281/ccs/tools/compiler/ti-cgt-msp430_21.6.1.LTS/lib" -i"C:/ti/ccs1281/ccs/tools/compiler/ti-cgt-msp430_21.6.1.LTS/include" --priority --reread_libs --define=_MPU_ENABLE --diag_wrap=off --display_error_number --warn_sections --xml_link_info="ECE_2560_Quiz3_linkInfo.xml" --entry_point=RESET --use_hw_mpy=F5 -o "ECE_2560_Quiz3.out" "./main.obj" "../lnk_msp430fr6989.cmd"  -llibmpu_init.a -llibmath.a -llibc.a 
<Linking>
warning #10366-D: automatic library build: using library "C:\ti\ccs1281\ccs\tools\compiler\ti-cgt-msp430_21.6.1.LTS\lib\rts430x_sc_sd_eabi.lib" for the first time, so it must be built.  This may take a few minutes.
Creating library c:/users/evanm/appdata/local/temp/ti_mkl~1/rts430x_sc_sd_eabi.lib
Finished building target: "ECE_2560_Quiz3.out"
 

**** Build Finished ****

**** Build of configuration Debug for project ECE_2560_Quiz3 ****

"C:\\ti\\ccs1281\\ccs\\utils\\bin\\gmake" -k -j 20 all -O 
 
gmake[1]: 'ECE_2560_Quiz3.out' is up to date.

**** Build Finished ****

**** Build of configuration Debug for project ECE_2560_Quiz3 ****

"C:\\ti\\ccs1281\\ccs\\utils\\bin\\gmake" -k -j 20 all -O 
 
gmake[1]: 'ECE_2560_Quiz3.out' is up to date.

**** Build Finished ****

**** Build of configuration Debug for project ECE_2560_Quiz3 ****

"C:\\ti\\ccs1281\\ccs\\utils\\bin\\gmake" -k -j 20 all -O 
 
Building file: "../main.asm"
Invoking: MSP430 Compiler
"C:/ti/ccs1281/ccs/tools/compiler/ti-cgt-msp430_21.6.1.LTS/bin/cl430" -vmspx --code_model=small --data_model=small --use_hw_mpy=F5 --include_path="C:/ti/ccs1281/ccs/ccs_base/msp430/include" --include_path="C:/Users/evanm/OneDrive/Desktop/Github Projects/OSU-Classes/ECE 2560/ECE_2560_Quiz3" --include_path="C:/ti/ccs1281/ccs/tools/compiler/ti-cgt-msp430_21.6.1.LTS/include" --advice:power=all --advice:hw_config=all --define=__MSP430FR6989__ --define=_MPU_ENABLE -g --printf_support=minimal --diag_warning=225 --diag_wrap=off --display_error_number --silicon_errata=CPU21 --silicon_errata=CPU22 --silicon_errata=CPU40 --preproc_with_compile --preproc_dependency="main.d_raw"  "../main.asm"
Finished building: "../main.asm"
 
Building target: "ECE_2560_Quiz3.out"
Invoking: MSP430 Linker
"C:/ti/ccs1281/ccs/tools/compiler/ti-cgt-msp430_21.6.1.LTS/bin/cl430" -vmspx --code_model=small --data_model=small --use_hw_mpy=F5 --advice:power=all --advice:hw_config=all --define=__MSP430FR6989__ --define=_MPU_ENABLE -g --printf_support=minimal --diag_warning=225 --diag_wrap=off --display_error_number --silicon_errata=CPU21 --silicon_errata=CPU22 --silicon_errata=CPU40 -z -m"ECE_2560_Quiz3.map" --heap_size=0 --stack_size=0 --cinit_hold_wdt=on -i"C:/ti/ccs1281/ccs/ccs_base/msp430/include" -i"C:/ti/ccs1281/ccs/ccs_base/msp430/lib/5xx_6xx_FRxx" -i"C:/ti/ccs1281/ccs/ccs_base/msp430/lib/FR59xx" -i"C:/ti/ccs1281/ccs/tools/compiler/ti-cgt-msp430_21.6.1.LTS/lib" -i"C:/ti/ccs1281/ccs/tools/compiler/ti-cgt-msp430_21.6.1.LTS/include" --priority --reread_libs --define=_MPU_ENABLE --diag_wrap=off --display_error_number --warn_sections --xml_link_info="ECE_2560_Quiz3_linkInfo.xml" --entry_point=RESET --use_hw_mpy=F5 -o "ECE_2560_Quiz3.out" "./main.obj" "../lnk_msp430fr6989.cmd"  -llibmpu_init.a -llibmath.a -llibc.a 
<Linking>
Finished building target: "ECE_2560_Quiz3.out"
 

**** Build Finished ****

**** Build of configuration Debug for project ECE_2560_Quiz3 ****

"C:\\ti\\ccs1281\\ccs\\utils\\bin\\gmake" -k -j 20 all -O 
 
gmake[1]: 'ECE_2560_Quiz3.out' is up to date.

**** Build Finished ****

**** Build of configuration Debug for project ECE_2560_Quiz3 ****

"C:\\ti\\ccs1281\\ccs\\utils\\bin\\gmake" -k -j 20 all -O 
 
gmake[1]: 'ECE_2560_Quiz3.out' is up to date.

**** Build Finished ****

**** Build of configuration Debug for project ECE_2560_Quiz3 ****

"C:\\ti\\ccs1281\\ccs\\utils\\bin\\gmake" -k -j 20 all -O 
 
gmake[1]: 'ECE_2560_Quiz3.out' is up to date.

**** Build Finished ****

**** Build of configuration Debug for project ECE_2560_Quiz3 ****

"C:\\ti\\ccs1281\\ccs\\utils\\bin\\gmake" -k -j 20 all -O 
 
Building file: "../main.asm"
Invoking: MSP430 Compiler
"C:/ti/ccs1281/ccs/tools/compiler/ti-cgt-msp430_21.6.1.LTS/bin/cl430" -vmspx --code_model=small --data_model=small --use_hw_mpy=F5 --include_path="C:/ti/ccs1281/ccs/ccs_base/msp430/include" --include_path="C:/Users/evanm/OneDrive/Desktop/Github Projects/OSU-Classes/ECE 2560/ECE_2560_Quiz3" --include_path="C:/ti/ccs1281/ccs/tools/compiler/ti-cgt-msp430_21.6.1.LTS/include" --advice:power=all --advice:hw_config=all --define=__MSP430FR6989__ --define=_MPU_ENABLE -g --printf_support=minimal --diag_warning=225 --diag_wrap=off --display_error_number --silicon_errata=CPU21 --silicon_errata=CPU22 --silicon_errata=CPU40 --preproc_with_compile --preproc_dependency="main.d_raw"  "../main.asm"
Finished building: "../main.asm"
 
Building target: "ECE_2560_Quiz3.out"
Invoking: MSP430 Linker
"C:/ti/ccs1281/ccs/tools/compiler/ti-cgt-msp430_21.6.1.LTS/bin/cl430" -vmspx --code_model=small --data_model=small --use_hw_mpy=F5 --advice:power=all --advice:hw_config=all --define=__MSP430FR6989__ --define=_MPU_ENABLE -g --printf_support=minimal --diag_warning=225 --diag_wrap=off --display_error_number --silicon_errata=CPU21 --silicon_errata=CPU22 --silicon_errata=CPU40 -z -m"ECE_2560_Quiz3.map" --heap_size=0 --stack_size=0 --cinit_hold_wdt=on -i"C:/ti/ccs1281/ccs/ccs_base/msp430/include" -i"C:/ti/ccs1281/ccs/ccs_base/msp430/lib/5xx_6xx_FRxx" -i"C:/ti/ccs1281/ccs/ccs_base/msp430/lib/FR59xx" -i"C:/ti/ccs1281/ccs/tools/compiler/ti-cgt-msp430_21.6.1.LTS/lib" -i"C:/ti/ccs1281/ccs/tools/compiler/ti-cgt-msp430_21.6.1.LTS/include" --priority --reread_libs --define=_MPU_ENABLE --diag_wrap=off --display_error_number --warn_sections --xml_link_info="ECE_2560_Quiz3_linkInfo.xml" --entry_point=RESET --use_hw_mpy=F5 -o "ECE_2560_Quiz3.out" "./main.obj" "../lnk_msp430fr6989.cmd"  -llibmpu_init.a -llibmath.a -llibc.a 
<Linking>
Finished building target: "ECE_2560_Quiz3.out"
 

**** Build Finished ****

**** Build of configuration Debug for project ECE_2560_Quiz3 ****

"C:\\ti\\ccs1281\\ccs\\utils\\bin\\gmake" -k -j 20 all -O 
 
gmake[1]: 'ECE_2560_Quiz3.out' is up to date.

**** Build Finished ****

**** Build of configuration Debug for project ECE_2560_Quiz3 ****

"C:\\ti\\ccs1281\\ccs\\utils\\bin\\gmake" -k -j 20 all -O 
 
Building file: "../main.asm"
Invoking: MSP430 Compiler
"C:/ti/ccs1281/ccs/tools/compiler/ti-cgt-msp430_21.6.1.LTS/bin/cl430" -vmspx --code_model=small --data_model=small --use_hw_mpy=F5 --include_path="C:/ti/ccs1281/ccs/ccs_base/msp430/include" --include_path="C:/Users/evanm/OneDrive/Desktop/Github Projects/OSU-Classes/ECE 2560/ECE_2560_Quiz3" --include_path="C:/ti/ccs1281/ccs/tools/compiler/ti-cgt-msp430_21.6.1.LTS/include" --advice:power=all --advice:hw_config=all --define=__MSP430FR6989__ --define=_MPU_ENABLE -g --printf_support=minimal --diag_warning=225 --diag_wrap=off --display_error_number --silicon_errata=CPU21 --silicon_errata=CPU22 --silicon_errata=CPU40 --preproc_with_compile --preproc_dependency="main.d_raw"  "../main.asm"
Finished building: "../main.asm"
 
Building target: "ECE_2560_Quiz3.out"
Invoking: MSP430 Linker
"C:/ti/ccs1281/ccs/tools/compiler/ti-cgt-msp430_21.6.1.LTS/bin/cl430" -vmspx --code_model=small --data_model=small --use_hw_mpy=F5 --advice:power=all --advice:hw_config=all --define=__MSP430FR6989__ --define=_MPU_ENABLE -g --printf_support=minimal --diag_warning=225 --diag_wrap=off --display_error_number --silicon_errata=CPU21 --silicon_errata=CPU22 --silicon_errata=CPU40 -z -m"ECE_2560_Quiz3.map" --heap_size=0 --stack_size=0 --cinit_hold_wdt=on -i"C:/ti/ccs1281/ccs/ccs_base/msp430/include" -i"C:/ti/ccs1281/ccs/ccs_base/msp430/lib/5xx_6xx_FRxx" -i"C:/ti/ccs1281/ccs/ccs_base/msp430/lib/FR59xx" -i"C:/ti/ccs1281/ccs/tools/compiler/ti-cgt-msp430_21.6.1.LTS/lib" -i"C:/ti/ccs1281/ccs/tools/compiler/ti-cgt-msp430_21.6.1.LTS/include" --priority --reread_libs --define=_MPU_ENABLE --diag_wrap=off --display_error_number --warn_sections --xml_link_info="ECE_2560_Quiz3_linkInfo.xml" --entry_point=RESET --use_hw_mpy=F5 -o "ECE_2560_Quiz3.out" "./main.obj" "../lnk_msp430fr6989.cmd"  -llibmpu_init.a -llibmath.a -llibc.a 
<Linking>
Finished building target: "ECE_2560_Quiz3.out"
 

**** Build Finished ****

**** Build of configuration Debug for project ECE_2560_Quiz3 ****

"C:\\ti\\ccs1281\\ccs\\utils\\bin\\gmake" -k -j 20 all -O 
 
gmake[1]: 'ECE_2560_Quiz3.out' is up to date.

**** Build Finished ****

**** Build of configuration Debug for project ECE_2560_Quiz3 ****

"C:\\ti\\ccs1281\\ccs\\utils\\bin\\gmake" -k -j 20 all -O 
 
Building file: "../main.asm"
Invoking: MSP430 Compiler
"C:/ti/ccs1281/ccs/tools/compiler/ti-cgt-msp430_21.6.1.LTS/bin/cl430" -vmspx --code_model=small --data_model=small --use_hw_mpy=F5 --include_path="C:/ti/ccs1281/ccs/ccs_base/msp430/include" --include_path="C:/Users/evanm/OneDrive/Desktop/Github Projects/OSU-Classes/ECE 2560/ECE_2560_Quiz3" --include_path="C:/ti/ccs1281/ccs/tools/compiler/ti-cgt-msp430_21.6.1.LTS/include" --advice:power=all --advice:hw_config=all --define=__MSP430FR6989__ --define=_MPU_ENABLE -g --printf_support=minimal --diag_warning=225 --diag_wrap=off --display_error_number --silicon_errata=CPU21 --silicon_errata=CPU22 --silicon_errata=CPU40 --preproc_with_compile --preproc_dependency="main.d_raw"  "../main.asm"
Finished building: "../main.asm"
 
Building target: "ECE_2560_Quiz3.out"
Invoking: MSP430 Linker
"C:/ti/ccs1281/ccs/tools/compiler/ti-cgt-msp430_21.6.1.LTS/bin/cl430" -vmspx --code_model=small --data_model=small --use_hw_mpy=F5 --advice:power=all --advice:hw_config=all --define=__MSP430FR6989__ --define=_MPU_ENABLE -g --printf_support=minimal --diag_warning=225 --diag_wrap=off --display_error_number --silicon_errata=CPU21 --silicon_errata=CPU22 --silicon_errata=CPU40 -z -m"ECE_2560_Quiz3.map" --heap_size=0 --stack_size=0 --cinit_hold_wdt=on -i"C:/ti/ccs1281/ccs/ccs_base/msp430/include" -i"C:/ti/ccs1281/ccs/ccs_base/msp430/lib/5xx_6xx_FRxx" -i"C:/ti/ccs1281/ccs/ccs_base/msp430/lib/FR59xx" -i"C:/ti/ccs1281/ccs/tools/compiler/ti-cgt-msp430_21.6.1.LTS/lib" -i"C:/ti/ccs1281/ccs/tools/compiler/ti-cgt-msp430_21.6.1.LTS/include" --priority --reread_libs --define=_MPU_ENABLE --diag_wrap=off --display_error_number --warn_sections --xml_link_info="ECE_2560_Quiz3_linkInfo.xml" --entry_point=RESET --use_hw_mpy=F5 -o "ECE_2560_Quiz3.out" "./main.obj" "../lnk_msp430fr6989.cmd"  -llibmpu_init.a -llibmath.a -llibc.a 
<Linking>
Finished building target: "ECE_2560_Quiz3.out"
 

**** Build Finished ****

**** Build of configuration Debug for project ECE_2560_Quiz3 ****

"C:\\ti\\ccs1281\\ccs\\utils\\bin\\gmake" -k -j 20 all -O 
 
gmake[1]: 'ECE_2560_Quiz3.out' is up to date.

**** Build Finished ****

**** Build of configuration Debug for project ECE_2560_Quiz3 ****

"C:\\ti\\ccs1281\\ccs\\utils\\bin\\gmake" -k -j 20 all -O 
 
Building file: "../main.asm"
Invoking: MSP430 Compiler
"C:/ti/ccs1281/ccs/tools/compiler/ti-cgt-msp430_21.6.1.LTS/bin/cl430" -vmspx --code_model=small --data_model=small --use_hw_mpy=F5 --include_path="C:/ti/ccs1281/ccs/ccs_base/msp430/include" --include_path="C:/Users/evanm/OneDrive/Desktop/Github Projects/OSU-Classes/ECE 2560/ECE_2560_Quiz3" --include_path="C:/ti/ccs1281/ccs/tools/compiler/ti-cgt-msp430_21.6.1.LTS/include" --advice:power=all --advice:hw_config=all --define=__MSP430FR6989__ --define=_MPU_ENABLE -g --printf_support=minimal --diag_warning=225 --diag_wrap=off --display_error_number --silicon_errata=CPU21 --silicon_errata=CPU22 --silicon_errata=CPU40 --preproc_with_compile --preproc_dependency="main.d_raw"  "../main.asm"
Finished building: "../main.asm"
 
Building target: "ECE_2560_Quiz3.out"
Invoking: MSP430 Linker
"C:/ti/ccs1281/ccs/tools/compiler/ti-cgt-msp430_21.6.1.LTS/bin/cl430" -vmspx --code_model=small --data_model=small --use_hw_mpy=F5 --advice:power=all --advice:hw_config=all --define=__MSP430FR6989__ --define=_MPU_ENABLE -g --printf_support=minimal --diag_warning=225 --diag_wrap=off --display_error_number --silicon_errata=CPU21 --silicon_errata=CPU22 --silicon_errata=CPU40 -z -m"ECE_2560_Quiz3.map" --heap_size=0 --stack_size=0 --cinit_hold_wdt=on -i"C:/ti/ccs1281/ccs/ccs_base/msp430/include" -i"C:/ti/ccs1281/ccs/ccs_base/msp430/lib/5xx_6xx_FRxx" -i"C:/ti/ccs1281/ccs/ccs_base/msp430/lib/FR59xx" -i"C:/ti/ccs1281/ccs/tools/compiler/ti-cgt-msp430_21.6.1.LTS/lib" -i"C:/ti/ccs1281/ccs/tools/compiler/ti-cgt-msp430_21.6.1.LTS/include" --priority --reread_libs --define=_MPU_ENABLE --diag_wrap=off --display_error_number --warn_sections --xml_link_info="ECE_2560_Quiz3_linkInfo.xml" --entry_point=RESET --use_hw_mpy=F5 -o "ECE_2560_Quiz3.out" "./main.obj" "../lnk_msp430fr6989.cmd"  -llibmpu_init.a -llibmath.a -llibc.a 
<Linking>
Finished building target: "ECE_2560_Quiz3.out"
 

**** Build Finished ****

**** Build of configuration Debug for project ECE_2560_Quiz3 ****

"C:\\ti\\ccs1281\\ccs\\utils\\bin\\gmake" -k -j 20 all -O 
 
gmake[1]: 'ECE_2560_Quiz3.out' is up to date.

**** Build Finished ****

**** Build of configuration Debug for project ECE_2560_Quiz3 ****

"C:\\ti\\ccs1281\\ccs\\utils\\bin\\gmake" -k -j 20 all -O 
 
gmake[1]: 'ECE_2560_Quiz3.out' is up to date.

**** Build Finished ****

**** Build of configuration Debug for project ECE_2560_Quiz3 ****

"C:\\ti\\ccs1281\\ccs\\utils\\bin\\gmake" -k -j 20 all -O 
 
gmake[1]: 'ECE_2560_Quiz3.out' is up to date.

**** Build Finished ****

**** Build of configuration Debug for project ECE_2560_Quiz3 ****

"C:\\ti\\ccs1281\\ccs\\utils\\bin\\gmake" -k -j 20 all -O 
 
gmake[1]: 'ECE_2560_Quiz3.out' is up to date.

**** Build Finished ****

**** Build of configuration Debug for project ECE_2560_Quiz4 ****

"C:\\ti\\ccs1281\\ccs\\utils\\bin\\gmake" -k -j 20 all -O 
 
Building file: "../main.asm"
Invoking: MSP430 Compiler
"C:/ti/ccs1281/ccs/tools/compiler/ti-cgt-msp430_21.6.1.LTS/bin/cl430" -vmspx --code_model=small --data_model=small --use_hw_mpy=F5 --include_path="C:/ti/ccs1281/ccs/ccs_base/msp430/include" --include_path="C:/Users/evanm/OneDrive/Desktop/Github Projects/OSU-Classes/ECE 2560/ECE_2560_Quiz4" --include_path="C:/ti/ccs1281/ccs/tools/compiler/ti-cgt-msp430_21.6.1.LTS/include" --advice:power=all --advice:hw_config=all --define=__MSP430FR6989__ --define=_MPU_ENABLE -g --printf_support=minimal --diag_warning=225 --diag_wrap=off --display_error_number --silicon_errata=CPU21 --silicon_errata=CPU22 --silicon_errata=CPU40 --preproc_with_compile --preproc_dependency="main.d_raw"  "../main.asm"
No Assembly Errors, 1 Assembly Warning
"../main.asm", WARNING! at line 158: [W5369] Silicon Errata CPU40: A jump instruction at the end of a section should be followed by a NOP.
	            jmp     Mainloop
 
Finished building: "../main.asm"
 
Building target: "ECE_2560_Quiz4.out"
Invoking: MSP430 Linker
"C:/ti/ccs1281/ccs/tools/compiler/ti-cgt-msp430_21.6.1.LTS/bin/cl430" -vmspx --code_model=small --data_model=small --use_hw_mpy=F5 --advice:power=all --advice:hw_config=all --define=__MSP430FR6989__ --define=_MPU_ENABLE -g --printf_support=minimal --diag_warning=225 --diag_wrap=off --display_error_number --silicon_errata=CPU21 --silicon_errata=CPU22 --silicon_errata=CPU40 -z -m"ECE_2560_Quiz4.map" --heap_size=0 --stack_size=0 --cinit_hold_wdt=on -i"C:/ti/ccs1281/ccs/ccs_base/msp430/include" -i"C:/ti/ccs1281/ccs/ccs_base/msp430/lib/5xx_6xx_FRxx" -i"C:/ti/ccs1281/ccs/ccs_base/msp430/lib/FR59xx" -i"C:/ti/ccs1281/ccs/tools/compiler/ti-cgt-msp430_21.6.1.LTS/lib" -i"C:/ti/ccs1281/ccs/tools/compiler/ti-cgt-msp430_21.6.1.LTS/include" --priority --reread_libs --define=_MPU_ENABLE --diag_wrap=off --display_error_number --warn_sections --xml_link_info="ECE_2560_Quiz4_linkInfo.xml" --entry_point=RESET --use_hw_mpy=F5 -o "ECE_2560_Quiz4.out" "./main.obj" "../lnk_msp430fr6989.cmd"  -llibmpu_init.a -llibmath.a -llibc.a 
<Linking>
Finished building target: "ECE_2560_Quiz4.out"
 

**** Build Finished ****

**** Build of configuration Debug for project ECE_2560_Quiz4 ****

"C:\\ti\\ccs1281\\ccs\\utils\\bin\\gmake" -k -j 20 all -O 
 
gmake[1]: 'ECE_2560_Quiz4.out' is up to date.

**** Build Finished ****

**** Build of configuration Debug for project ECE_2560_Quiz4 ****

"C:\\ti\\ccs1281\\ccs\\utils\\bin\\gmake" -k -j 20 all -O 
 
Building file: "../main.asm"
Invoking: MSP430 Compiler
"C:/ti/ccs1281/ccs/tools/compiler/ti-cgt-msp430_21.6.1.LTS/bin/cl430" -vmspx --code_model=small --data_model=small --use_hw_mpy=F5 --include_path="C:/ti/ccs1281/ccs/ccs_base/msp430/include" --include_path="C:/Users/evanm/OneDrive/Desktop/Github Projects/OSU-Classes/ECE 2560/ECE_2560_Quiz4" --include_path="C:/ti/ccs1281/ccs/tools/compiler/ti-cgt-msp430_21.6.1.LTS/include" --advice:power=all --advice:hw_config=all --define=__MSP430FR6989__ --define=_MPU_ENABLE -g --printf_support=minimal --diag_warning=225 --diag_wrap=off --display_error_number --silicon_errata=CPU21 --silicon_errata=CPU22 --silicon_errata=CPU40 --preproc_with_compile --preproc_dependency="main.d_raw"  "../main.asm"
2 Assembly Errors, 1 Assembly Warning
 
>> Compilation failure
subdir_rules.mk:9: recipe for target 'main.obj' failed
"../main.asm", ERROR!   at line 44: [E0003] Register expected
				mov.w	@points, R7
 
"../main.asm", ERROR!   at line 44: [E0003] Unexpected trailing operand(s)
				mov.w	@points, R7
 
"../main.asm", WARNING! at line 159: [W5369] Silicon Errata CPU40: A jump instruction at the end of a section should be followed by a NOP.
	            jmp     Mainloop
 
 
Errors in Source - Assembler Aborted
gmake: *** [main.obj] Error 1
gmake: Target 'all' not remade because of errors.

**** Build Finished ****

**** Build of configuration Debug for project ECE_2560_Quiz4 ****

"C:\\ti\\ccs1281\\ccs\\utils\\bin\\gmake" -k -j 20 all -O 
 
Building file: "../main.asm"
Invoking: MSP430 Compiler
"C:/ti/ccs1281/ccs/tools/compiler/ti-cgt-msp430_21.6.1.LTS/bin/cl430" -vmspx --code_model=small --data_model=small --use_hw_mpy=F5 --include_path="C:/ti/ccs1281/ccs/ccs_base/msp430/include" --include_path="C:/Users/evanm/OneDrive/Desktop/Github Projects/OSU-Classes/ECE 2560/ECE_2560_Quiz4" --include_path="C:/ti/ccs1281/ccs/tools/compiler/ti-cgt-msp430_21.6.1.LTS/include" --advice:power=all --advice:hw_config=all --define=__MSP430FR6989__ --define=_MPU_ENABLE -g --printf_support=minimal --diag_warning=225 --diag_wrap=off --display_error_number --silicon_errata=CPU21 --silicon_errata=CPU22 --silicon_errata=CPU40 --preproc_with_compile --preproc_dependency="main.d_raw"  "../main.asm"
2 Assembly Errors, 1 Assembly Warning
 
>> Compilation failure
subdir_rules.mk:9: recipe for target 'main.obj' failed
"../main.asm", ERROR!   at line 44: [E0003] Register expected
				mov.w	@points, R7
 
"../main.asm", ERROR!   at line 44: [E0003] Unexpected trailing operand(s)
				mov.w	@points, R7
 
"../main.asm", WARNING! at line 159: [W5369] Silicon Errata CPU40: A jump instruction at the end of a section should be followed by a NOP.
	            jmp     Mainloop
 
 
Errors in Source - Assembler Aborted
gmake: *** [main.obj] Error 1
gmake: Target 'all' not remade because of errors.

**** Build Finished ****

**** Build of configuration Debug for project ECE_2560_Quiz4 ****

"C:\\ti\\ccs1281\\ccs\\utils\\bin\\gmake" -k -j 20 all -O 
 
Building file: "../main.asm"
Invoking: MSP430 Compiler
"C:/ti/ccs1281/ccs/tools/compiler/ti-cgt-msp430_21.6.1.LTS/bin/cl430" -vmspx --code_model=small --data_model=small --use_hw_mpy=F5 --include_path="C:/ti/ccs1281/ccs/ccs_base/msp430/include" --include_path="C:/Users/evanm/OneDrive/Desktop/Github Projects/OSU-Classes/ECE 2560/ECE_2560_Quiz4" --include_path="C:/ti/ccs1281/ccs/tools/compiler/ti-cgt-msp430_21.6.1.LTS/include" --advice:power=all --advice:hw_config=all --define=__MSP430FR6989__ --define=_MPU_ENABLE -g --printf_support=minimal --diag_warning=225 --diag_wrap=off --display_error_number --silicon_errata=CPU21 --silicon_errata=CPU22 --silicon_errata=CPU40 --preproc_with_compile --preproc_dependency="main.d_raw"  "../main.asm"
2 Assembly Errors, 1 Assembly Warning
 
>> Compilation failure
subdir_rules.mk:9: recipe for target 'main.obj' failed
"../main.asm", ERROR!   at line 44: [E0003] Register expected
				mov.w	@points, R7
 
"../main.asm", ERROR!   at line 44: [E0003] Unexpected trailing operand(s)
				mov.w	@points, R7
 
"../main.asm", WARNING! at line 159: [W5369] Silicon Errata CPU40: A jump instruction at the end of a section should be followed by a NOP.
	            jmp     Mainloop
 
 
Errors in Source - Assembler Aborted
gmake: *** [main.obj] Error 1
gmake: Target 'all' not remade because of errors.

**** Build Finished ****

**** Build of configuration Debug for project ECE_2560_Quiz4 ****

"C:\\ti\\ccs1281\\ccs\\utils\\bin\\gmake" -k -j 20 all -O 
 
Building file: "../main.asm"
Invoking: MSP430 Compiler
"C:/ti/ccs1281/ccs/tools/compiler/ti-cgt-msp430_21.6.1.LTS/bin/cl430" -vmspx --code_model=small --data_model=small --use_hw_mpy=F5 --include_path="C:/ti/ccs1281/ccs/ccs_base/msp430/include" --include_path="C:/Users/evanm/OneDrive/Desktop/Github Projects/OSU-Classes/ECE 2560/ECE_2560_Quiz4" --include_path="C:/ti/ccs1281/ccs/tools/compiler/ti-cgt-msp430_21.6.1.LTS/include" --advice:power=all --advice:hw_config=all --define=__MSP430FR6989__ --define=_MPU_ENABLE -g --printf_support=minimal --diag_warning=225 --diag_wrap=off --display_error_number --silicon_errata=CPU21 --silicon_errata=CPU22 --silicon_errata=CPU40 --preproc_with_compile --preproc_dependency="main.d_raw"  "../main.asm"
No Assembly Errors, 1 Assembly Warning
"../main.asm", WARNING! at line 158: [W5369] Silicon Errata CPU40: A jump instruction at the end of a section should be followed by a NOP.
	            jmp     Mainloop
 
Finished building: "../main.asm"
 
Building target: "ECE_2560_Quiz4.out"
Invoking: MSP430 Linker
"C:/ti/ccs1281/ccs/tools/compiler/ti-cgt-msp430_21.6.1.LTS/bin/cl430" -vmspx --code_model=small --data_model=small --use_hw_mpy=F5 --advice:power=all --advice:hw_config=all --define=__MSP430FR6989__ --define=_MPU_ENABLE -g --printf_support=minimal --diag_warning=225 --diag_wrap=off --display_error_number --silicon_errata=CPU21 --silicon_errata=CPU22 --silicon_errata=CPU40 -z -m"ECE_2560_Quiz4.map" --heap_size=0 --stack_size=0 --cinit_hold_wdt=on -i"C:/ti/ccs1281/ccs/ccs_base/msp430/include" -i"C:/ti/ccs1281/ccs/ccs_base/msp430/lib/5xx_6xx_FRxx" -i"C:/ti/ccs1281/ccs/ccs_base/msp430/lib/FR59xx" -i"C:/ti/ccs1281/ccs/tools/compiler/ti-cgt-msp430_21.6.1.LTS/lib" -i"C:/ti/ccs1281/ccs/tools/compiler/ti-cgt-msp430_21.6.1.LTS/include" --priority --reread_libs --define=_MPU_ENABLE --diag_wrap=off --display_error_number --warn_sections --xml_link_info="ECE_2560_Quiz4_linkInfo.xml" --entry_point=RESET --use_hw_mpy=F5 -o "ECE_2560_Quiz4.out" "./main.obj" "../lnk_msp430fr6989.cmd"  -llibmpu_init.a -llibmath.a -llibc.a 
<Linking>
Finished building target: "ECE_2560_Quiz4.out"
 

**** Build Finished ****

**** Build of configuration Debug for project ECE_2560_Quiz4 ****

"C:\\ti\\ccs1281\\ccs\\utils\\bin\\gmake" -k -j 20 all -O 
 
gmake[1]: 'ECE_2560_Quiz4.out' is up to date.

**** Build Finished ****

**** Build of configuration Debug for project ECE_2560_Quiz4 ****

"C:\\ti\\ccs1281\\ccs\\utils\\bin\\gmake" -k -j 20 all -O 
 
gmake[1]: 'ECE_2560_Quiz4.out' is up to date.

**** Build Finished ****

**** Build of configuration Debug for project ECE_2560_Quiz4 ****

"C:\\ti\\ccs1281\\ccs\\utils\\bin\\gmake" -k -j 20 all -O 
 
gmake[1]: 'ECE_2560_Quiz4.out' is up to date.

**** Build Finished ****

**** Build of configuration Debug for project ECE_2560_Quiz4 ****

"C:\\ti\\ccs1281\\ccs\\utils\\bin\\gmake" -k -j 20 all -O 
 
gmake[1]: 'ECE_2560_Quiz4.out' is up to date.

**** Build Finished ****

**** Build of configuration Debug for project ECE_2560_Quiz4 ****

"C:\\ti\\ccs1281\\ccs\\utils\\bin\\gmake" -k -j 20 all -O 
 
gmake[1]: 'ECE_2560_Quiz4.out' is up to date.

**** Build Finished ****

**** Build of configuration Debug for project ECE 2560 Midterm1 ****

"C:\\ti\\ccs1281\\ccs\\utils\\bin\\gmake" -k -j 20 all -O 
 
Building file: "../main.asm"
Invoking: MSP430 Compiler
"C:/ti/ccs1281/ccs/tools/compiler/ti-cgt-msp430_21.6.1.LTS/bin/cl430" -vmspx --code_model=small --data_model=small --use_hw_mpy=F5 --include_path="C:/ti/ccs1281/ccs/ccs_base/msp430/include" --include_path="C:/Users/evanm/OneDrive/Desktop/Github Projects/OSU-Classes/ECE 2560/ECE 2560 Midterm1" --include_path="C:/ti/ccs1281/ccs/tools/compiler/ti-cgt-msp430_21.6.1.LTS/include" --advice:power=all --advice:hw_config=all --define=__MSP430FR6989__ --define=_MPU_ENABLE -g --printf_support=minimal --diag_warning=225 --diag_wrap=off --display_error_number --silicon_errata=CPU21 --silicon_errata=CPU22 --silicon_errata=CPU40 --preproc_with_compile --preproc_dependency="main.d_raw"  "../main.asm"
Finished building: "../main.asm"
 
Building target: "ECE 2560 Midterm1.out"
Invoking: MSP430 Linker
"C:/ti/ccs1281/ccs/tools/compiler/ti-cgt-msp430_21.6.1.LTS/bin/cl430" -vmspx --code_model=small --data_model=small --use_hw_mpy=F5 --advice:power=all --advice:hw_config=all --define=__MSP430FR6989__ --define=_MPU_ENABLE -g --printf_support=minimal --diag_warning=225 --diag_wrap=off --display_error_number --silicon_errata=CPU21 --silicon_errata=CPU22 --silicon_errata=CPU40 -z -m"ECE 2560 Midterm1.map" --heap_size=0 --stack_size=0 --cinit_hold_wdt=on -i"C:/ti/ccs1281/ccs/ccs_base/msp430/include" -i"C:/ti/ccs1281/ccs/ccs_base/msp430/lib/5xx_6xx_FRxx" -i"C:/ti/ccs1281/ccs/ccs_base/msp430/lib/FR59xx" -i"C:/ti/ccs1281/ccs/tools/compiler/ti-cgt-msp430_21.6.1.LTS/lib" -i"C:/ti/ccs1281/ccs/tools/compiler/ti-cgt-msp430_21.6.1.LTS/include" --priority --reread_libs --define=_MPU_ENABLE --diag_wrap=off --display_error_number --warn_sections --xml_link_info="ECE 2560 Midterm1_linkInfo.xml" --entry_point=RESET --use_hw_mpy=F5 -o "ECE 2560 Midterm1.out" "./main.obj" "../lnk_msp430fr6989.cmd"  -llibmpu_init.a -llibmath.a -llibc.a 
<Linking>
Finished building target: "ECE 2560 Midterm1.out"
 

**** Build Finished ****

**** Build of configuration Debug for project ECE 2560 Midterm1 ****

"C:\\ti\\ccs1281\\ccs\\utils\\bin\\gmake" -k -j 20 all -O 
 
gmake[1]: 'ECE 2560 Midterm1.out' is up to date.

**** Build Finished ****

**** Build of configuration Debug for project ECE 2560 Midterm1 ****

"C:\\ti\\ccs1281\\ccs\\utils\\bin\\gmake" -k -j 20 all -O 
 
Building file: "../main.asm"
Invoking: MSP430 Compiler
"C:/ti/ccs1281/ccs/tools/compiler/ti-cgt-msp430_21.6.1.LTS/bin/cl430" -vmspx --code_model=small --data_model=small --use_hw_mpy=F5 --include_path="C:/ti/ccs1281/ccs/ccs_base/msp430/include" --include_path="C:/Users/evanm/OneDrive/Desktop/Github Projects/OSU-Classes/ECE 2560/ECE 2560 Midterm1" --include_path="C:/ti/ccs1281/ccs/tools/compiler/ti-cgt-msp430_21.6.1.LTS/include" --advice:power=all --advice:hw_config=all --define=__MSP430FR6989__ --define=_MPU_ENABLE -g --printf_support=minimal --diag_warning=225 --diag_wrap=off --display_error_number --silicon_errata=CPU21 --silicon_errata=CPU22 --silicon_errata=CPU40 --preproc_with_compile --preproc_dependency="main.d_raw"  "../main.asm"
Finished building: "../main.asm"
 
Building target: "ECE 2560 Midterm1.out"
Invoking: MSP430 Linker
"C:/ti/ccs1281/ccs/tools/compiler/ti-cgt-msp430_21.6.1.LTS/bin/cl430" -vmspx --code_model=small --data_model=small --use_hw_mpy=F5 --advice:power=all --advice:hw_config=all --define=__MSP430FR6989__ --define=_MPU_ENABLE -g --printf_support=minimal --diag_warning=225 --diag_wrap=off --display_error_number --silicon_errata=CPU21 --silicon_errata=CPU22 --silicon_errata=CPU40 -z -m"ECE 2560 Midterm1.map" --heap_size=0 --stack_size=0 --cinit_hold_wdt=on -i"C:/ti/ccs1281/ccs/ccs_base/msp430/include" -i"C:/ti/ccs1281/ccs/ccs_base/msp430/lib/5xx_6xx_FRxx" -i"C:/ti/ccs1281/ccs/ccs_base/msp430/lib/FR59xx" -i"C:/ti/ccs1281/ccs/tools/compiler/ti-cgt-msp430_21.6.1.LTS/lib" -i"C:/ti/ccs1281/ccs/tools/compiler/ti-cgt-msp430_21.6.1.LTS/include" --priority --reread_libs --define=_MPU_ENABLE --diag_wrap=off --display_error_number --warn_sections --xml_link_info="ECE 2560 Midterm1_linkInfo.xml" --entry_point=RESET --use_hw_mpy=F5 -o "ECE 2560 Midterm1.out" "./main.obj" "../lnk_msp430fr6989.cmd"  -llibmpu_init.a -llibmath.a -llibc.a 
<Linking>
Finished building target: "ECE 2560 Midterm1.out"
 

**** Build Finished ****

**** Build of configuration Debug for project ECE 2560 Midterm1 ****

"C:\\ti\\ccs1281\\ccs\\utils\\bin\\gmake" -k -j 20 all -O 
 
gmake[1]: 'ECE 2560 Midterm1.out' is up to date.

**** Build Finished ****

**** Build of configuration Debug for project ECE 2560 Midterm1 ****

"C:\\ti\\ccs1281\\ccs\\utils\\bin\\gmake" -k -j 20 all -O 
 
Building file: "../main.asm"
Invoking: MSP430 Compiler
"C:/ti/ccs1281/ccs/tools/compiler/ti-cgt-msp430_21.6.1.LTS/bin/cl430" -vmspx --code_model=small --data_model=small --use_hw_mpy=F5 --include_path="C:/ti/ccs1281/ccs/ccs_base/msp430/include" --include_path="C:/Users/evanm/OneDrive/Desktop/Github Projects/OSU-Classes/ECE 2560/ECE 2560 Midterm1" --include_path="C:/ti/ccs1281/ccs/tools/compiler/ti-cgt-msp430_21.6.1.LTS/include" --advice:power=all --advice:hw_config=all --define=__MSP430FR6989__ --define=_MPU_ENABLE -g --printf_support=minimal --diag_warning=225 --diag_wrap=off --display_error_number --silicon_errata=CPU21 --silicon_errata=CPU22 --silicon_errata=CPU40 --preproc_with_compile --preproc_dependency="main.d_raw"  "../main.asm"
Finished building: "../main.asm"
 
Building target: "ECE 2560 Midterm1.out"
Invoking: MSP430 Linker
"C:/ti/ccs1281/ccs/tools/compiler/ti-cgt-msp430_21.6.1.LTS/bin/cl430" -vmspx --code_model=small --data_model=small --use_hw_mpy=F5 --advice:power=all --advice:hw_config=all --define=__MSP430FR6989__ --define=_MPU_ENABLE -g --printf_support=minimal --diag_warning=225 --diag_wrap=off --display_error_number --silicon_errata=CPU21 --silicon_errata=CPU22 --silicon_errata=CPU40 -z -m"ECE 2560 Midterm1.map" --heap_size=0 --stack_size=0 --cinit_hold_wdt=on -i"C:/ti/ccs1281/ccs/ccs_base/msp430/include" -i"C:/ti/ccs1281/ccs/ccs_base/msp430/lib/5xx_6xx_FRxx" -i"C:/ti/ccs1281/ccs/ccs_base/msp430/lib/FR59xx" -i"C:/ti/ccs1281/ccs/tools/compiler/ti-cgt-msp430_21.6.1.LTS/lib" -i"C:/ti/ccs1281/ccs/tools/compiler/ti-cgt-msp430_21.6.1.LTS/include" --priority --reread_libs --define=_MPU_ENABLE --diag_wrap=off --display_error_number --warn_sections --xml_link_info="ECE 2560 Midterm1_linkInfo.xml" --entry_point=RESET --use_hw_mpy=F5 -o "ECE 2560 Midterm1.out" "./main.obj" "../lnk_msp430fr6989.cmd"  -llibmpu_init.a -llibmath.a -llibc.a 
<Linking>
Finished building target: "ECE 2560 Midterm1.out"
 

**** Build Finished ****

**** Build of configuration Debug for project ECE 2560 Midterm1 ****

"C:\\ti\\ccs1281\\ccs\\utils\\bin\\gmake" -k -j 20 all -O 
 
gmake[1]: 'ECE 2560 Midterm1.out' is up to date.

**** Build Finished ****

**** Build of configuration Debug for project ECE 2560 Midterm1 ****

"C:\\ti\\ccs1281\\ccs\\utils\\bin\\gmake" -k -j 20 all -O 
 
gmake[1]: 'ECE 2560 Midterm1.out' is up to date.

**** Build Finished ****

**** Build of configuration Debug for project ECE 2560 Midterm1 ****

"C:\\ti\\ccs1281\\ccs\\utils\\bin\\gmake" -k -j 20 all -O 
 
Building file: "../main.asm"
Invoking: MSP430 Compiler
"C:/ti/ccs1281/ccs/tools/compiler/ti-cgt-msp430_21.6.1.LTS/bin/cl430" -vmspx --code_model=small --data_model=small --use_hw_mpy=F5 --include_path="C:/ti/ccs1281/ccs/ccs_base/msp430/include" --include_path="C:/Users/evanm/OneDrive/Desktop/Github Projects/OSU-Classes/ECE 2560/ECE 2560 Midterm1" --include_path="C:/ti/ccs1281/ccs/tools/compiler/ti-cgt-msp430_21.6.1.LTS/include" --advice:power=all --advice:hw_config=all --define=__MSP430FR6989__ --define=_MPU_ENABLE -g --printf_support=minimal --diag_warning=225 --diag_wrap=off --display_error_number --silicon_errata=CPU21 --silicon_errata=CPU22 --silicon_errata=CPU40 --preproc_with_compile --preproc_dependency="main.d_raw"  "../main.asm"
Finished building: "../main.asm"
 
Building target: "ECE 2560 Midterm1.out"
Invoking: MSP430 Linker
"C:/ti/ccs1281/ccs/tools/compiler/ti-cgt-msp430_21.6.1.LTS/bin/cl430" -vmspx --code_model=small --data_model=small --use_hw_mpy=F5 --advice:power=all --advice:hw_config=all --define=__MSP430FR6989__ --define=_MPU_ENABLE -g --printf_support=minimal --diag_warning=225 --diag_wrap=off --display_error_number --silicon_errata=CPU21 --silicon_errata=CPU22 --silicon_errata=CPU40 -z -m"ECE 2560 Midterm1.map" --heap_size=0 --stack_size=0 --cinit_hold_wdt=on -i"C:/ti/ccs1281/ccs/ccs_base/msp430/include" -i"C:/ti/ccs1281/ccs/ccs_base/msp430/lib/5xx_6xx_FRxx" -i"C:/ti/ccs1281/ccs/ccs_base/msp430/lib/FR59xx" -i"C:/ti/ccs1281/ccs/tools/compiler/ti-cgt-msp430_21.6.1.LTS/lib" -i"C:/ti/ccs1281/ccs/tools/compiler/ti-cgt-msp430_21.6.1.LTS/include" --priority --reread_libs --define=_MPU_ENABLE --diag_wrap=off --display_error_number --warn_sections --xml_link_info="ECE 2560 Midterm1_linkInfo.xml" --entry_point=RESET --use_hw_mpy=F5 -o "ECE 2560 Midterm1.out" "./main.obj" "../lnk_msp430fr6989.cmd"  -llibmpu_init.a -llibmath.a -llibc.a 
<Linking>
Finished building target: "ECE 2560 Midterm1.out"
 

**** Build Finished ****

**** Build of configuration Debug for project ECE 2560 Midterm1 ****

"C:\\ti\\ccs1281\\ccs\\utils\\bin\\gmake" -k -j 20 all -O 
 
gmake[1]: 'ECE 2560 Midterm1.out' is up to date.

**** Build Finished ****

**** Build of configuration Debug for project ECE 2560 Midterm1 ****

"C:\\ti\\ccs1281\\ccs\\utils\\bin\\gmake" -k -j 20 all -O 
 
gmake[1]: 'ECE 2560 Midterm1.out' is up to date.

**** Build Finished ****

**** Build of configuration Debug for project ECE 2560 Midterm1 ****

"C:\\ti\\ccs1281\\ccs\\utils\\bin\\gmake" -k -j 20 all -O 
 
gmake[1]: 'ECE 2560 Midterm1.out' is up to date.

**** Build Finished ****

**** Build of configuration Debug for project ECE 2560 Midterm1 ****

"C:\\ti\\ccs1281\\ccs\\utils\\bin\\gmake" -k -j 20 all -O 
 
Building file: "../main.asm"
Invoking: MSP430 Compiler
"C:/ti/ccs1281/ccs/tools/compiler/ti-cgt-msp430_21.6.1.LTS/bin/cl430" -vmspx --code_model=small --data_model=small --use_hw_mpy=F5 --include_path="C:/ti/ccs1281/ccs/ccs_base/msp430/include" --include_path="C:/Users/evanm/OneDrive/Desktop/Github Projects/OSU-Classes/ECE 2560/ECE 2560 Midterm1" --include_path="C:/ti/ccs1281/ccs/tools/compiler/ti-cgt-msp430_21.6.1.LTS/include" --advice:power=all --advice:hw_config=all --define=__MSP430FR6989__ --define=_MPU_ENABLE -g --printf_support=minimal --diag_warning=225 --diag_wrap=off --display_error_number --silicon_errata=CPU21 --silicon_errata=CPU22 --silicon_errata=CPU40 --preproc_with_compile --preproc_dependency="main.d_raw"  "../main.asm"
Finished building: "../main.asm"
 
Building target: "ECE 2560 Midterm1.out"
Invoking: MSP430 Linker
"C:/ti/ccs1281/ccs/tools/compiler/ti-cgt-msp430_21.6.1.LTS/bin/cl430" -vmspx --code_model=small --data_model=small --use_hw_mpy=F5 --advice:power=all --advice:hw_config=all --define=__MSP430FR6989__ --define=_MPU_ENABLE -g --printf_support=minimal --diag_warning=225 --diag_wrap=off --display_error_number --silicon_errata=CPU21 --silicon_errata=CPU22 --silicon_errata=CPU40 -z -m"ECE 2560 Midterm1.map" --heap_size=0 --stack_size=0 --cinit_hold_wdt=on -i"C:/ti/ccs1281/ccs/ccs_base/msp430/include" -i"C:/ti/ccs1281/ccs/ccs_base/msp430/lib/5xx_6xx_FRxx" -i"C:/ti/ccs1281/ccs/ccs_base/msp430/lib/FR59xx" -i"C:/ti/ccs1281/ccs/tools/compiler/ti-cgt-msp430_21.6.1.LTS/lib" -i"C:/ti/ccs1281/ccs/tools/compiler/ti-cgt-msp430_21.6.1.LTS/include" --priority --reread_libs --define=_MPU_ENABLE --diag_wrap=off --display_error_number --warn_sections --xml_link_info="ECE 2560 Midterm1_linkInfo.xml" --entry_point=RESET --use_hw_mpy=F5 -o "ECE 2560 Midterm1.out" "./main.obj" "../lnk_msp430fr6989.cmd"  -llibmpu_init.a -llibmath.a -llibc.a 
<Linking>
Finished building target: "ECE 2560 Midterm1.out"
 

**** Build Finished ****

**** Build of configuration Debug for project ECE 2560 Midterm1 ****

"C:\\ti\\ccs1281\\ccs\\utils\\bin\\gmake" -k -j 20 all -O 
 
gmake[1]: 'ECE 2560 Midterm1.out' is up to date.

**** Build Finished ****

**** Build of configuration Debug for project ECE 2560 Midterm1 ****

"C:\\ti\\ccs1281\\ccs\\utils\\bin\\gmake" -k -j 20 all -O 
 
gmake[1]: 'ECE 2560 Midterm1.out' is up to date.

**** Build Finished ****

**** Build of configuration Debug for project ECE 2560 Midterm1 ****

"C:\\ti\\ccs1281\\ccs\\utils\\bin\\gmake" -k -j 20 all -O 
 
gmake[1]: 'ECE 2560 Midterm1.out' is up to date.

**** Build Finished ****

**** Build of configuration Debug for project ECE 2560 Midterm1 ****

"C:\\ti\\ccs1281\\ccs\\utils\\bin\\gmake" -k -j 20 all -O 
 
Building file: "../main.asm"
Invoking: MSP430 Compiler
"C:/ti/ccs1281/ccs/tools/compiler/ti-cgt-msp430_21.6.1.LTS/bin/cl430" -vmspx --code_model=small --data_model=small --use_hw_mpy=F5 --include_path="C:/ti/ccs1281/ccs/ccs_base/msp430/include" --include_path="C:/Users/evanm/OneDrive/Desktop/Github Projects/OSU-Classes/ECE 2560/ECE 2560 Midterm1" --include_path="C:/ti/ccs1281/ccs/tools/compiler/ti-cgt-msp430_21.6.1.LTS/include" --advice:power=all --advice:hw_config=all --define=__MSP430FR6989__ --define=_MPU_ENABLE -g --printf_support=minimal --diag_warning=225 --diag_wrap=off --display_error_number --silicon_errata=CPU21 --silicon_errata=CPU22 --silicon_errata=CPU40 --preproc_with_compile --preproc_dependency="main.d_raw"  "../main.asm"
Finished building: "../main.asm"
 
Building target: "ECE 2560 Midterm1.out"
Invoking: MSP430 Linker
"C:/ti/ccs1281/ccs/tools/compiler/ti-cgt-msp430_21.6.1.LTS/bin/cl430" -vmspx --code_model=small --data_model=small --use_hw_mpy=F5 --advice:power=all --advice:hw_config=all --define=__MSP430FR6989__ --define=_MPU_ENABLE -g --printf_support=minimal --diag_warning=225 --diag_wrap=off --display_error_number --silicon_errata=CPU21 --silicon_errata=CPU22 --silicon_errata=CPU40 -z -m"ECE 2560 Midterm1.map" --heap_size=0 --stack_size=0 --cinit_hold_wdt=on -i"C:/ti/ccs1281/ccs/ccs_base/msp430/include" -i"C:/ti/ccs1281/ccs/ccs_base/msp430/lib/5xx_6xx_FRxx" -i"C:/ti/ccs1281/ccs/ccs_base/msp430/lib/FR59xx" -i"C:/ti/ccs1281/ccs/tools/compiler/ti-cgt-msp430_21.6.1.LTS/lib" -i"C:/ti/ccs1281/ccs/tools/compiler/ti-cgt-msp430_21.6.1.LTS/include" --priority --reread_libs --define=_MPU_ENABLE --diag_wrap=off --display_error_number --warn_sections --xml_link_info="ECE 2560 Midterm1_linkInfo.xml" --entry_point=RESET --use_hw_mpy=F5 -o "ECE 2560 Midterm1.out" "./main.obj" "../lnk_msp430fr6989.cmd"  -llibmpu_init.a -llibmath.a -llibc.a 
<Linking>
Finished building target: "ECE 2560 Midterm1.out"
 

**** Build Finished ****

**** Build of configuration Debug for project ECE 2560 Midterm1 ****

"C:\\ti\\ccs1281\\ccs\\utils\\bin\\gmake" -k -j 20 all -O 
 
gmake[1]: 'ECE 2560 Midterm1.out' is up to date.

**** Build Finished ****

**** Build of configuration Debug for project ECE 2560 Midterm1 ****

"C:\\ti\\ccs1281\\ccs\\utils\\bin\\gmake" -k -j 20 all -O 
 
Building file: "../main.asm"
Invoking: MSP430 Compiler
"C:/ti/ccs1281/ccs/tools/compiler/ti-cgt-msp430_21.6.1.LTS/bin/cl430" -vmspx --code_model=small --data_model=small --use_hw_mpy=F5 --include_path="C:/ti/ccs1281/ccs/ccs_base/msp430/include" --include_path="C:/Users/evanm/OneDrive/Desktop/Github Projects/OSU-Classes/ECE 2560/ECE 2560 Midterm1" --include_path="C:/ti/ccs1281/ccs/tools/compiler/ti-cgt-msp430_21.6.1.LTS/include" --advice:power=all --advice:hw_config=all --define=__MSP430FR6989__ --define=_MPU_ENABLE -g --printf_support=minimal --diag_warning=225 --diag_wrap=off --display_error_number --silicon_errata=CPU21 --silicon_errata=CPU22 --silicon_errata=CPU40 --preproc_with_compile --preproc_dependency="main.d_raw"  "../main.asm"
Finished building: "../main.asm"
 
Building target: "ECE 2560 Midterm1.out"
Invoking: MSP430 Linker
"C:/ti/ccs1281/ccs/tools/compiler/ti-cgt-msp430_21.6.1.LTS/bin/cl430" -vmspx --code_model=small --data_model=small --use_hw_mpy=F5 --advice:power=all --advice:hw_config=all --define=__MSP430FR6989__ --define=_MPU_ENABLE -g --printf_support=minimal --diag_warning=225 --diag_wrap=off --display_error_number --silicon_errata=CPU21 --silicon_errata=CPU22 --silicon_errata=CPU40 -z -m"ECE 2560 Midterm1.map" --heap_size=0 --stack_size=0 --cinit_hold_wdt=on -i"C:/ti/ccs1281/ccs/ccs_base/msp430/include" -i"C:/ti/ccs1281/ccs/ccs_base/msp430/lib/5xx_6xx_FRxx" -i"C:/ti/ccs1281/ccs/ccs_base/msp430/lib/FR59xx" -i"C:/ti/ccs1281/ccs/tools/compiler/ti-cgt-msp430_21.6.1.LTS/lib" -i"C:/ti/ccs1281/ccs/tools/compiler/ti-cgt-msp430_21.6.1.LTS/include" --priority --reread_libs --define=_MPU_ENABLE --diag_wrap=off --display_error_number --warn_sections --xml_link_info="ECE 2560 Midterm1_linkInfo.xml" --entry_point=RESET --use_hw_mpy=F5 -o "ECE 2560 Midterm1.out" "./main.obj" "../lnk_msp430fr6989.cmd"  -llibmpu_init.a -llibmath.a -llibc.a 
<Linking>
Finished building target: "ECE 2560 Midterm1.out"
 

**** Build Finished ****

**** Build of configuration Debug for project ECE 2560 Midterm1 ****

"C:\\ti\\ccs1281\\ccs\\utils\\bin\\gmake" -k -j 20 all -O 
 
gmake[1]: 'ECE 2560 Midterm1.out' is up to date.

**** Build Finished ****

**** Build of configuration Debug for project ECE 2560 Midterm1 ****

"C:\\ti\\ccs1281\\ccs\\utils\\bin\\gmake" -k -j 20 all -O 
 
Building file: "../main.asm"
Invoking: MSP430 Compiler
"C:/ti/ccs1281/ccs/tools/compiler/ti-cgt-msp430_21.6.1.LTS/bin/cl430" -vmspx --code_model=small --data_model=small --use_hw_mpy=F5 --include_path="C:/ti/ccs1281/ccs/ccs_base/msp430/include" --include_path="C:/Users/evanm/OneDrive/Desktop/Github Projects/OSU-Classes/ECE 2560/ECE 2560 Midterm1" --include_path="C:/ti/ccs1281/ccs/tools/compiler/ti-cgt-msp430_21.6.1.LTS/include" --advice:power=all --advice:hw_config=all --define=__MSP430FR6989__ --define=_MPU_ENABLE -g --printf_support=minimal --diag_warning=225 --diag_wrap=off --display_error_number --silicon_errata=CPU21 --silicon_errata=CPU22 --silicon_errata=CPU40 --preproc_with_compile --preproc_dependency="main.d_raw"  "../main.asm"
Finished building: "../main.asm"
 
Building target: "ECE 2560 Midterm1.out"
Invoking: MSP430 Linker
"C:/ti/ccs1281/ccs/tools/compiler/ti-cgt-msp430_21.6.1.LTS/bin/cl430" -vmspx --code_model=small --data_model=small --use_hw_mpy=F5 --advice:power=all --advice:hw_config=all --define=__MSP430FR6989__ --define=_MPU_ENABLE -g --printf_support=minimal --diag_warning=225 --diag_wrap=off --display_error_number --silicon_errata=CPU21 --silicon_errata=CPU22 --silicon_errata=CPU40 -z -m"ECE 2560 Midterm1.map" --heap_size=0 --stack_size=0 --cinit_hold_wdt=on -i"C:/ti/ccs1281/ccs/ccs_base/msp430/include" -i"C:/ti/ccs1281/ccs/ccs_base/msp430/lib/5xx_6xx_FRxx" -i"C:/ti/ccs1281/ccs/ccs_base/msp430/lib/FR59xx" -i"C:/ti/ccs1281/ccs/tools/compiler/ti-cgt-msp430_21.6.1.LTS/lib" -i"C:/ti/ccs1281/ccs/tools/compiler/ti-cgt-msp430_21.6.1.LTS/include" --priority --reread_libs --define=_MPU_ENABLE --diag_wrap=off --display_error_number --warn_sections --xml_link_info="ECE 2560 Midterm1_linkInfo.xml" --entry_point=RESET --use_hw_mpy=F5 -o "ECE 2560 Midterm1.out" "./main.obj" "../lnk_msp430fr6989.cmd"  -llibmpu_init.a -llibmath.a -llibc.a 
<Linking>
Finished building target: "ECE 2560 Midterm1.out"
 

**** Build Finished ****

**** Build of configuration Debug for project ECE 2560 Midterm1 ****

"C:\\ti\\ccs1281\\ccs\\utils\\bin\\gmake" -k -j 20 all -O 
 
gmake[1]: 'ECE 2560 Midterm1.out' is up to date.

**** Build Finished ****

**** Build of configuration Debug for project ECE 2560 Midterm1 ****

"C:\\ti\\ccs1281\\ccs\\utils\\bin\\gmake" -k -j 20 all -O 
 
Building file: "../main.asm"
Invoking: MSP430 Compiler
"C:/ti/ccs1281/ccs/tools/compiler/ti-cgt-msp430_21.6.1.LTS/bin/cl430" -vmspx --code_model=small --data_model=small --use_hw_mpy=F5 --include_path="C:/ti/ccs1281/ccs/ccs_base/msp430/include" --include_path="C:/Users/evanm/OneDrive/Desktop/Github Projects/OSU-Classes/ECE 2560/ECE 2560 Midterm1" --include_path="C:/ti/ccs1281/ccs/tools/compiler/ti-cgt-msp430_21.6.1.LTS/include" --advice:power=all --advice:hw_config=all --define=__MSP430FR6989__ --define=_MPU_ENABLE -g --printf_support=minimal --diag_warning=225 --diag_wrap=off --display_error_number --silicon_errata=CPU21 --silicon_errata=CPU22 --silicon_errata=CPU40 --preproc_with_compile --preproc_dependency="main.d_raw"  "../main.asm"
Finished building: "../main.asm"
 
Building target: "ECE 2560 Midterm1.out"
Invoking: MSP430 Linker
"C:/ti/ccs1281/ccs/tools/compiler/ti-cgt-msp430_21.6.1.LTS/bin/cl430" -vmspx --code_model=small --data_model=small --use_hw_mpy=F5 --advice:power=all --advice:hw_config=all --define=__MSP430FR6989__ --define=_MPU_ENABLE -g --printf_support=minimal --diag_warning=225 --diag_wrap=off --display_error_number --silicon_errata=CPU21 --silicon_errata=CPU22 --silicon_errata=CPU40 -z -m"ECE 2560 Midterm1.map" --heap_size=0 --stack_size=0 --cinit_hold_wdt=on -i"C:/ti/ccs1281/ccs/ccs_base/msp430/include" -i"C:/ti/ccs1281/ccs/ccs_base/msp430/lib/5xx_6xx_FRxx" -i"C:/ti/ccs1281/ccs/ccs_base/msp430/lib/FR59xx" -i"C:/ti/ccs1281/ccs/tools/compiler/ti-cgt-msp430_21.6.1.LTS/lib" -i"C:/ti/ccs1281/ccs/tools/compiler/ti-cgt-msp430_21.6.1.LTS/include" --priority --reread_libs --define=_MPU_ENABLE --diag_wrap=off --display_error_number --warn_sections --xml_link_info="ECE 2560 Midterm1_linkInfo.xml" --entry_point=RESET --use_hw_mpy=F5 -o "ECE 2560 Midterm1.out" "./main.obj" "../lnk_msp430fr6989.cmd"  -llibmpu_init.a -llibmath.a -llibc.a 
<Linking>
Finished building target: "ECE 2560 Midterm1.out"
 

**** Build Finished ****

**** Build of configuration Debug for project ECE 2560 Midterm1 ****

"C:\\ti\\ccs1281\\ccs\\utils\\bin\\gmake" -k -j 20 all -O 
 
gmake[1]: 'ECE 2560 Midterm1.out' is up to date.

**** Build Finished ****

**** Build of configuration Debug for project ECE 2560 Midterm1 ****

"C:\\ti\\ccs1281\\ccs\\utils\\bin\\gmake" -k -j 20 all -O 
 
Building file: "../main.asm"
Invoking: MSP430 Compiler
"C:/ti/ccs1281/ccs/tools/compiler/ti-cgt-msp430_21.6.1.LTS/bin/cl430" -vmspx --code_model=small --data_model=small --use_hw_mpy=F5 --include_path="C:/ti/ccs1281/ccs/ccs_base/msp430/include" --include_path="C:/Users/evanm/OneDrive/Desktop/Github Projects/OSU-Classes/ECE 2560/ECE 2560 Midterm1" --include_path="C:/ti/ccs1281/ccs/tools/compiler/ti-cgt-msp430_21.6.1.LTS/include" --advice:power=all --advice:hw_config=all --define=__MSP430FR6989__ --define=_MPU_ENABLE -g --printf_support=minimal --diag_warning=225 --diag_wrap=off --display_error_number --silicon_errata=CPU21 --silicon_errata=CPU22 --silicon_errata=CPU40 --preproc_with_compile --preproc_dependency="main.d_raw"  "../main.asm"
Finished building: "../main.asm"
 
Building target: "ECE 2560 Midterm1.out"
Invoking: MSP430 Linker
"C:/ti/ccs1281/ccs/tools/compiler/ti-cgt-msp430_21.6.1.LTS/bin/cl430" -vmspx --code_model=small --data_model=small --use_hw_mpy=F5 --advice:power=all --advice:hw_config=all --define=__MSP430FR6989__ --define=_MPU_ENABLE -g --printf_support=minimal --diag_warning=225 --diag_wrap=off --display_error_number --silicon_errata=CPU21 --silicon_errata=CPU22 --silicon_errata=CPU40 -z -m"ECE 2560 Midterm1.map" --heap_size=0 --stack_size=0 --cinit_hold_wdt=on -i"C:/ti/ccs1281/ccs/ccs_base/msp430/include" -i"C:/ti/ccs1281/ccs/ccs_base/msp430/lib/5xx_6xx_FRxx" -i"C:/ti/ccs1281/ccs/ccs_base/msp430/lib/FR59xx" -i"C:/ti/ccs1281/ccs/tools/compiler/ti-cgt-msp430_21.6.1.LTS/lib" -i"C:/ti/ccs1281/ccs/tools/compiler/ti-cgt-msp430_21.6.1.LTS/include" --priority --reread_libs --define=_MPU_ENABLE --diag_wrap=off --display_error_number --warn_sections --xml_link_info="ECE 2560 Midterm1_linkInfo.xml" --entry_point=RESET --use_hw_mpy=F5 -o "ECE 2560 Midterm1.out" "./main.obj" "../lnk_msp430fr6989.cmd"  -llibmpu_init.a -llibmath.a -llibc.a 
<Linking>
Finished building target: "ECE 2560 Midterm1.out"
 

**** Build Finished ****

**** Build of configuration Debug for project ECE 2560 Midterm1 ****

"C:\\ti\\ccs1281\\ccs\\utils\\bin\\gmake" -k -j 20 all -O 
 
gmake[1]: 'ECE 2560 Midterm1.out' is up to date.

**** Build Finished ****

**** Build of configuration Debug for project ECE 2560 Midterm1 ****

"C:\\ti\\ccs1281\\ccs\\utils\\bin\\gmake" -k -j 20 all -O 
 
Building file: "../main.asm"
Invoking: MSP430 Compiler
"C:/ti/ccs1281/ccs/tools/compiler/ti-cgt-msp430_21.6.1.LTS/bin/cl430" -vmspx --code_model=small --data_model=small --use_hw_mpy=F5 --include_path="C:/ti/ccs1281/ccs/ccs_base/msp430/include" --include_path="C:/Users/evanm/OneDrive/Desktop/Github Projects/OSU-Classes/ECE 2560/ECE 2560 Midterm1" --include_path="C:/ti/ccs1281/ccs/tools/compiler/ti-cgt-msp430_21.6.1.LTS/include" --advice:power=all --advice:hw_config=all --define=__MSP430FR6989__ --define=_MPU_ENABLE -g --printf_support=minimal --diag_warning=225 --diag_wrap=off --display_error_number --silicon_errata=CPU21 --silicon_errata=CPU22 --silicon_errata=CPU40 --preproc_with_compile --preproc_dependency="main.d_raw"  "../main.asm"
Finished building: "../main.asm"
 
Building target: "ECE 2560 Midterm1.out"
Invoking: MSP430 Linker
"C:/ti/ccs1281/ccs/tools/compiler/ti-cgt-msp430_21.6.1.LTS/bin/cl430" -vmspx --code_model=small --data_model=small --use_hw_mpy=F5 --advice:power=all --advice:hw_config=all --define=__MSP430FR6989__ --define=_MPU_ENABLE -g --printf_support=minimal --diag_warning=225 --diag_wrap=off --display_error_number --silicon_errata=CPU21 --silicon_errata=CPU22 --silicon_errata=CPU40 -z -m"ECE 2560 Midterm1.map" --heap_size=0 --stack_size=0 --cinit_hold_wdt=on -i"C:/ti/ccs1281/ccs/ccs_base/msp430/include" -i"C:/ti/ccs1281/ccs/ccs_base/msp430/lib/5xx_6xx_FRxx" -i"C:/ti/ccs1281/ccs/ccs_base/msp430/lib/FR59xx" -i"C:/ti/ccs1281/ccs/tools/compiler/ti-cgt-msp430_21.6.1.LTS/lib" -i"C:/ti/ccs1281/ccs/tools/compiler/ti-cgt-msp430_21.6.1.LTS/include" --priority --reread_libs --define=_MPU_ENABLE --diag_wrap=off --display_error_number --warn_sections --xml_link_info="ECE 2560 Midterm1_linkInfo.xml" --entry_point=RESET --use_hw_mpy=F5 -o "ECE 2560 Midterm1.out" "./main.obj" "../lnk_msp430fr6989.cmd"  -llibmpu_init.a -llibmath.a -llibc.a 
<Linking>
Finished building target: "ECE 2560 Midterm1.out"
 

**** Build Finished ****

**** Build of configuration Debug for project ECE 2560 Midterm1 ****

"C:\\ti\\ccs1281\\ccs\\utils\\bin\\gmake" -k -j 20 all -O 
 
gmake[1]: 'ECE 2560 Midterm1.out' is up to date.

**** Build Finished ****

**** Build of configuration Debug for project ECE 2560 Midterm1 ****

"C:\\ti\\ccs1281\\ccs\\utils\\bin\\gmake" -k -j 20 all -O 
 
Building file: "../main.asm"
Invoking: MSP430 Compiler
"C:/ti/ccs1281/ccs/tools/compiler/ti-cgt-msp430_21.6.1.LTS/bin/cl430" -vmspx --code_model=small --data_model=small --use_hw_mpy=F5 --include_path="C:/ti/ccs1281/ccs/ccs_base/msp430/include" --include_path="C:/Users/evanm/OneDrive/Desktop/Github Projects/OSU-Classes/ECE 2560/ECE 2560 Midterm1" --include_path="C:/ti/ccs1281/ccs/tools/compiler/ti-cgt-msp430_21.6.1.LTS/include" --advice:power=all --advice:hw_config=all --define=__MSP430FR6989__ --define=_MPU_ENABLE -g --printf_support=minimal --diag_warning=225 --diag_wrap=off --display_error_number --silicon_errata=CPU21 --silicon_errata=CPU22 --silicon_errata=CPU40 --preproc_with_compile --preproc_dependency="main.d_raw"  "../main.asm"
Finished building: "../main.asm"
 
Building target: "ECE 2560 Midterm1.out"
Invoking: MSP430 Linker
"C:/ti/ccs1281/ccs/tools/compiler/ti-cgt-msp430_21.6.1.LTS/bin/cl430" -vmspx --code_model=small --data_model=small --use_hw_mpy=F5 --advice:power=all --advice:hw_config=all --define=__MSP430FR6989__ --define=_MPU_ENABLE -g --printf_support=minimal --diag_warning=225 --diag_wrap=off --display_error_number --silicon_errata=CPU21 --silicon_errata=CPU22 --silicon_errata=CPU40 -z -m"ECE 2560 Midterm1.map" --heap_size=0 --stack_size=0 --cinit_hold_wdt=on -i"C:/ti/ccs1281/ccs/ccs_base/msp430/include" -i"C:/ti/ccs1281/ccs/ccs_base/msp430/lib/5xx_6xx_FRxx" -i"C:/ti/ccs1281/ccs/ccs_base/msp430/lib/FR59xx" -i"C:/ti/ccs1281/ccs/tools/compiler/ti-cgt-msp430_21.6.1.LTS/lib" -i"C:/ti/ccs1281/ccs/tools/compiler/ti-cgt-msp430_21.6.1.LTS/include" --priority --reread_libs --define=_MPU_ENABLE --diag_wrap=off --display_error_number --warn_sections --xml_link_info="ECE 2560 Midterm1_linkInfo.xml" --entry_point=RESET --use_hw_mpy=F5 -o "ECE 2560 Midterm1.out" "./main.obj" "../lnk_msp430fr6989.cmd"  -llibmpu_init.a -llibmath.a -llibc.a 
<Linking>
Finished building target: "ECE 2560 Midterm1.out"
 

**** Build Finished ****

**** Build of configuration Debug for project ECE 2560 Midterm1 ****

"C:\\ti\\ccs1281\\ccs\\utils\\bin\\gmake" -k -j 20 all -O 
 
gmake[1]: 'ECE 2560 Midterm1.out' is up to date.

**** Build Finished ****

**** Build of configuration Debug for project ECE 2560 Midterm1 ****

"C:\\ti\\ccs1281\\ccs\\utils\\bin\\gmake" -k -j 20 all -O 
 
gmake[1]: 'ECE 2560 Midterm1.out' is up to date.

**** Build Finished ****

**** Build of configuration Debug for project ECE 2560 Midterm1 ****

"C:\\ti\\ccs1281\\ccs\\utils\\bin\\gmake" -k -j 20 all -O 
 
gmake[1]: 'ECE 2560 Midterm1.out' is up to date.

**** Build Finished ****

**** Build of configuration Debug for project ECE 2560 Midterm1 ****

"C:\\ti\\ccs1281\\ccs\\utils\\bin\\gmake" -k -j 20 all -O 
 
Building file: "../main.asm"
Invoking: MSP430 Compiler
"C:/ti/ccs1281/ccs/tools/compiler/ti-cgt-msp430_21.6.1.LTS/bin/cl430" -vmspx --code_model=small --data_model=small --use_hw_mpy=F5 --include_path="C:/ti/ccs1281/ccs/ccs_base/msp430/include" --include_path="C:/Users/evanm/OneDrive/Desktop/Github Projects/OSU-Classes/ECE 2560/ECE 2560 Midterm1" --include_path="C:/ti/ccs1281/ccs/tools/compiler/ti-cgt-msp430_21.6.1.LTS/include" --advice:power=all --advice:hw_config=all --define=__MSP430FR6989__ --define=_MPU_ENABLE -g --printf_support=minimal --diag_warning=225 --diag_wrap=off --display_error_number --silicon_errata=CPU21 --silicon_errata=CPU22 --silicon_errata=CPU40 --preproc_with_compile --preproc_dependency="main.d_raw"  "../main.asm"
Finished building: "../main.asm"
 
Building target: "ECE 2560 Midterm1.out"
Invoking: MSP430 Linker
"C:/ti/ccs1281/ccs/tools/compiler/ti-cgt-msp430_21.6.1.LTS/bin/cl430" -vmspx --code_model=small --data_model=small --use_hw_mpy=F5 --advice:power=all --advice:hw_config=all --define=__MSP430FR6989__ --define=_MPU_ENABLE -g --printf_support=minimal --diag_warning=225 --diag_wrap=off --display_error_number --silicon_errata=CPU21 --silicon_errata=CPU22 --silicon_errata=CPU40 -z -m"ECE 2560 Midterm1.map" --heap_size=0 --stack_size=0 --cinit_hold_wdt=on -i"C:/ti/ccs1281/ccs/ccs_base/msp430/include" -i"C:/ti/ccs1281/ccs/ccs_base/msp430/lib/5xx_6xx_FRxx" -i"C:/ti/ccs1281/ccs/ccs_base/msp430/lib/FR59xx" -i"C:/ti/ccs1281/ccs/tools/compiler/ti-cgt-msp430_21.6.1.LTS/lib" -i"C:/ti/ccs1281/ccs/tools/compiler/ti-cgt-msp430_21.6.1.LTS/include" --priority --reread_libs --define=_MPU_ENABLE --diag_wrap=off --display_error_number --warn_sections --xml_link_info="ECE 2560 Midterm1_linkInfo.xml" --entry_point=RESET --use_hw_mpy=F5 -o "ECE 2560 Midterm1.out" "./main.obj" "../lnk_msp430fr6989.cmd"  -llibmpu_init.a -llibmath.a -llibc.a 
<Linking>
Finished building target: "ECE 2560 Midterm1.out"
 

**** Build Finished ****

**** Build of configuration Debug for project ECE 2560 Midterm1 ****

"C:\\ti\\ccs1281\\ccs\\utils\\bin\\gmake" -k -j 20 all -O 
 
gmake[1]: 'ECE 2560 Midterm1.out' is up to date.

**** Build Finished ****

**** Build of configuration Debug for project ECE 2560 Midterm1 ****

"C:\\ti\\ccs1281\\ccs\\utils\\bin\\gmake" -k -j 20 all -O 
 
Building file: "../main.asm"
Invoking: MSP430 Compiler
"C:/ti/ccs1281/ccs/tools/compiler/ti-cgt-msp430_21.6.1.LTS/bin/cl430" -vmspx --code_model=small --data_model=small --use_hw_mpy=F5 --include_path="C:/ti/ccs1281/ccs/ccs_base/msp430/include" --include_path="C:/Users/evanm/OneDrive/Desktop/Github Projects/OSU-Classes/ECE 2560/ECE 2560 Midterm1" --include_path="C:/ti/ccs1281/ccs/tools/compiler/ti-cgt-msp430_21.6.1.LTS/include" --advice:power=all --advice:hw_config=all --define=__MSP430FR6989__ --define=_MPU_ENABLE -g --printf_support=minimal --diag_warning=225 --diag_wrap=off --display_error_number --silicon_errata=CPU21 --silicon_errata=CPU22 --silicon_errata=CPU40 --preproc_with_compile --preproc_dependency="main.d_raw"  "../main.asm"
Finished building: "../main.asm"
 
Building target: "ECE 2560 Midterm1.out"
Invoking: MSP430 Linker
"C:/ti/ccs1281/ccs/tools/compiler/ti-cgt-msp430_21.6.1.LTS/bin/cl430" -vmspx --code_model=small --data_model=small --use_hw_mpy=F5 --advice:power=all --advice:hw_config=all --define=__MSP430FR6989__ --define=_MPU_ENABLE -g --printf_support=minimal --diag_warning=225 --diag_wrap=off --display_error_number --silicon_errata=CPU21 --silicon_errata=CPU22 --silicon_errata=CPU40 -z -m"ECE 2560 Midterm1.map" --heap_size=0 --stack_size=0 --cinit_hold_wdt=on -i"C:/ti/ccs1281/ccs/ccs_base/msp430/include" -i"C:/ti/ccs1281/ccs/ccs_base/msp430/lib/5xx_6xx_FRxx" -i"C:/ti/ccs1281/ccs/ccs_base/msp430/lib/FR59xx" -i"C:/ti/ccs1281/ccs/tools/compiler/ti-cgt-msp430_21.6.1.LTS/lib" -i"C:/ti/ccs1281/ccs/tools/compiler/ti-cgt-msp430_21.6.1.LTS/include" --priority --reread_libs --define=_MPU_ENABLE --diag_wrap=off --display_error_number --warn_sections --xml_link_info="ECE 2560 Midterm1_linkInfo.xml" --entry_point=RESET --use_hw_mpy=F5 -o "ECE 2560 Midterm1.out" "./main.obj" "../lnk_msp430fr6989.cmd"  -llibmpu_init.a -llibmath.a -llibc.a 
<Linking>
Finished building target: "ECE 2560 Midterm1.out"
 

**** Build Finished ****

**** Build of configuration Debug for project ECE 2560 Midterm1 ****

"C:\\ti\\ccs1281\\ccs\\utils\\bin\\gmake" -k -j 20 all -O 
 
gmake[1]: 'ECE 2560 Midterm1.out' is up to date.

**** Build Finished ****

**** Build of configuration Debug for project ECE 2560 Midterm1 ****

"C:\\ti\\ccs1281\\ccs\\utils\\bin\\gmake" -k -j 20 all -O 
 
Building file: "../main.asm"
Invoking: MSP430 Compiler
"C:/ti/ccs1281/ccs/tools/compiler/ti-cgt-msp430_21.6.1.LTS/bin/cl430" -vmspx --code_model=small --data_model=small --use_hw_mpy=F5 --include_path="C:/ti/ccs1281/ccs/ccs_base/msp430/include" --include_path="C:/Users/evanm/OneDrive/Desktop/Github Projects/OSU-Classes/ECE 2560/ECE 2560 Midterm1" --include_path="C:/ti/ccs1281/ccs/tools/compiler/ti-cgt-msp430_21.6.1.LTS/include" --advice:power=all --advice:hw_config=all --define=__MSP430FR6989__ --define=_MPU_ENABLE -g --printf_support=minimal --diag_warning=225 --diag_wrap=off --display_error_number --silicon_errata=CPU21 --silicon_errata=CPU22 --silicon_errata=CPU40 --preproc_with_compile --preproc_dependency="main.d_raw"  "../main.asm"
Finished building: "../main.asm"
 
Building target: "ECE 2560 Midterm1.out"
Invoking: MSP430 Linker
"C:/ti/ccs1281/ccs/tools/compiler/ti-cgt-msp430_21.6.1.LTS/bin/cl430" -vmspx --code_model=small --data_model=small --use_hw_mpy=F5 --advice:power=all --advice:hw_config=all --define=__MSP430FR6989__ --define=_MPU_ENABLE -g --printf_support=minimal --diag_warning=225 --diag_wrap=off --display_error_number --silicon_errata=CPU21 --silicon_errata=CPU22 --silicon_errata=CPU40 -z -m"ECE 2560 Midterm1.map" --heap_size=0 --stack_size=0 --cinit_hold_wdt=on -i"C:/ti/ccs1281/ccs/ccs_base/msp430/include" -i"C:/ti/ccs1281/ccs/ccs_base/msp430/lib/5xx_6xx_FRxx" -i"C:/ti/ccs1281/ccs/ccs_base/msp430/lib/FR59xx" -i"C:/ti/ccs1281/ccs/tools/compiler/ti-cgt-msp430_21.6.1.LTS/lib" -i"C:/ti/ccs1281/ccs/tools/compiler/ti-cgt-msp430_21.6.1.LTS/include" --priority --reread_libs --define=_MPU_ENABLE --diag_wrap=off --display_error_number --warn_sections --xml_link_info="ECE 2560 Midterm1_linkInfo.xml" --entry_point=RESET --use_hw_mpy=F5 -o "ECE 2560 Midterm1.out" "./main.obj" "../lnk_msp430fr6989.cmd"  -llibmpu_init.a -llibmath.a -llibc.a 
<Linking>
Finished building target: "ECE 2560 Midterm1.out"
 

**** Build Finished ****

**** Build of configuration Debug for project ECE 2560 Midterm1 ****

"C:\\ti\\ccs1281\\ccs\\utils\\bin\\gmake" -k -j 20 all -O 
 
gmake[1]: 'ECE 2560 Midterm1.out' is up to date.

**** Build Finished ****

**** Build of configuration Debug for project ECE 2560 Midterm1 ****

"C:\\ti\\ccs1281\\ccs\\utils\\bin\\gmake" -k -j 20 all -O 
 
Building file: "../main.asm"
Invoking: MSP430 Compiler
"C:/ti/ccs1281/ccs/tools/compiler/ti-cgt-msp430_21.6.1.LTS/bin/cl430" -vmspx --code_model=small --data_model=small --use_hw_mpy=F5 --include_path="C:/ti/ccs1281/ccs/ccs_base/msp430/include" --include_path="C:/Users/evanm/OneDrive/Desktop/Github Projects/OSU-Classes/ECE 2560/ECE 2560 Midterm1" --include_path="C:/ti/ccs1281/ccs/tools/compiler/ti-cgt-msp430_21.6.1.LTS/include" --advice:power=all --advice:hw_config=all --define=__MSP430FR6989__ --define=_MPU_ENABLE -g --printf_support=minimal --diag_warning=225 --diag_wrap=off --display_error_number --silicon_errata=CPU21 --silicon_errata=CPU22 --silicon_errata=CPU40 --preproc_with_compile --preproc_dependency="main.d_raw"  "../main.asm"
Finished building: "../main.asm"
 
Building target: "ECE 2560 Midterm1.out"
Invoking: MSP430 Linker
"C:/ti/ccs1281/ccs/tools/compiler/ti-cgt-msp430_21.6.1.LTS/bin/cl430" -vmspx --code_model=small --data_model=small --use_hw_mpy=F5 --advice:power=all --advice:hw_config=all --define=__MSP430FR6989__ --define=_MPU_ENABLE -g --printf_support=minimal --diag_warning=225 --diag_wrap=off --display_error_number --silicon_errata=CPU21 --silicon_errata=CPU22 --silicon_errata=CPU40 -z -m"ECE 2560 Midterm1.map" --heap_size=0 --stack_size=0 --cinit_hold_wdt=on -i"C:/ti/ccs1281/ccs/ccs_base/msp430/include" -i"C:/ti/ccs1281/ccs/ccs_base/msp430/lib/5xx_6xx_FRxx" -i"C:/ti/ccs1281/ccs/ccs_base/msp430/lib/FR59xx" -i"C:/ti/ccs1281/ccs/tools/compiler/ti-cgt-msp430_21.6.1.LTS/lib" -i"C:/ti/ccs1281/ccs/tools/compiler/ti-cgt-msp430_21.6.1.LTS/include" --priority --reread_libs --define=_MPU_ENABLE --diag_wrap=off --display_error_number --warn_sections --xml_link_info="ECE 2560 Midterm1_linkInfo.xml" --entry_point=RESET --use_hw_mpy=F5 -o "ECE 2560 Midterm1.out" "./main.obj" "../lnk_msp430fr6989.cmd"  -llibmpu_init.a -llibmath.a -llibc.a 
<Linking>
Finished building target: "ECE 2560 Midterm1.out"
 

**** Build Finished ****

**** Build of configuration Debug for project ECE 2560 Midterm1 ****

"C:\\ti\\ccs1281\\ccs\\utils\\bin\\gmake" -k -j 20 all -O 
 
gmake[1]: 'ECE 2560 Midterm1.out' is up to date.

**** Build Finished ****

**** Build of configuration Debug for project Quiz_5 ****

"C:\\ti\\ccs1281\\ccs\\utils\\bin\\gmake" -k -j 20 all -O 
 
Building file: "../main.asm"
Invoking: MSP430 Compiler
"C:/ti/ccs1281/ccs/tools/compiler/ti-cgt-msp430_21.6.1.LTS/bin/cl430" -vmspx --code_model=small --data_model=small --use_hw_mpy=F5 --include_path="C:/ti/ccs1281/ccs/ccs_base/msp430/include" --include_path="C:/Users/evanm/OneDrive/Desktop/Github Projects/OSU-Classes/ECE 2560/Quiz_5" --include_path="C:/ti/ccs1281/ccs/tools/compiler/ti-cgt-msp430_21.6.1.LTS/include" --advice:power=all --advice:hw_config=all --define=__MSP430FR6989__ --define=_MPU_ENABLE -g --printf_support=minimal --diag_warning=225 --diag_wrap=off --display_error_number --silicon_errata=CPU21 --silicon_errata=CPU22 --silicon_errata=CPU40 --preproc_with_compile --preproc_dependency="main.d_raw"  "../main.asm"
Finished building: "../main.asm"
 
Building target: "Quiz_5.out"
Invoking: MSP430 Linker
"C:/ti/ccs1281/ccs/tools/compiler/ti-cgt-msp430_21.6.1.LTS/bin/cl430" -vmspx --code_model=small --data_model=small --use_hw_mpy=F5 --advice:power=all --advice:hw_config=all --define=__MSP430FR6989__ --define=_MPU_ENABLE -g --printf_support=minimal --diag_warning=225 --diag_wrap=off --display_error_number --silicon_errata=CPU21 --silicon_errata=CPU22 --silicon_errata=CPU40 -z -m"Quiz_5.map" --heap_size=0 --stack_size=0 --cinit_hold_wdt=on -i"C:/ti/ccs1281/ccs/ccs_base/msp430/include" -i"C:/ti/ccs1281/ccs/ccs_base/msp430/lib/5xx_6xx_FRxx" -i"C:/ti/ccs1281/ccs/ccs_base/msp430/lib/FR59xx" -i"C:/ti/ccs1281/ccs/tools/compiler/ti-cgt-msp430_21.6.1.LTS/lib" -i"C:/ti/ccs1281/ccs/tools/compiler/ti-cgt-msp430_21.6.1.LTS/include" --priority --reread_libs --define=_MPU_ENABLE --diag_wrap=off --display_error_number --warn_sections --xml_link_info="Quiz_5_linkInfo.xml" --entry_point=RESET --use_hw_mpy=F5 -o "Quiz_5.out" "./main.obj" "../lnk_msp430fr6989.cmd"  -llibmpu_init.a -llibmath.a -llibc.a 
<Linking>
Finished building target: "Quiz_5.out"
 

**** Build Finished ****

**** Build of configuration Debug for project Quiz_5 ****

"C:\\ti\\ccs1281\\ccs\\utils\\bin\\gmake" -k -j 20 all -O 
 
gmake[1]: 'Quiz_5.out' is up to date.

**** Build Finished ****

**** Build of configuration Debug for project Quiz_5 ****

"C:\\ti\\ccs1281\\ccs\\utils\\bin\\gmake" -k -j 20 all -O 
 
gmake[1]: 'Quiz_5.out' is up to date.

**** Build Finished ****

**** Build of configuration Debug for project Quiz_5 ****

"C:\\ti\\ccs1281\\ccs\\utils\\bin\\gmake" -k -j 20 all -O 
 
gmake[1]: 'Quiz_5.out' is up to date.

**** Build Finished ****

**** Build of configuration Debug for project Quiz_5 ****

"C:\\ti\\ccs1281\\ccs\\utils\\bin\\gmake" -k -j 20 all -O 
 
Building file: "../main.asm"
Invoking: MSP430 Compiler
"C:/ti/ccs1281/ccs/tools/compiler/ti-cgt-msp430_21.6.1.LTS/bin/cl430" -vmspx --code_model=small --data_model=small --use_hw_mpy=F5 --include_path="C:/ti/ccs1281/ccs/ccs_base/msp430/include" --include_path="C:/Users/evanm/OneDrive/Desktop/Github Projects/OSU-Classes/ECE 2560/Quiz_5" --include_path="C:/ti/ccs1281/ccs/tools/compiler/ti-cgt-msp430_21.6.1.LTS/include" --advice:power=all --advice:hw_config=all --define=__MSP430FR6989__ --define=_MPU_ENABLE -g --printf_support=minimal --diag_warning=225 --diag_wrap=off --display_error_number --silicon_errata=CPU21 --silicon_errata=CPU22 --silicon_errata=CPU40 --preproc_with_compile --preproc_dependency="main.d_raw"  "../main.asm"
Finished building: "../main.asm"
 
Building target: "Quiz_5.out"
Invoking: MSP430 Linker
"C:/ti/ccs1281/ccs/tools/compiler/ti-cgt-msp430_21.6.1.LTS/bin/cl430" -vmspx --code_model=small --data_model=small --use_hw_mpy=F5 --advice:power=all --advice:hw_config=all --define=__MSP430FR6989__ --define=_MPU_ENABLE -g --printf_support=minimal --diag_warning=225 --diag_wrap=off --display_error_number --silicon_errata=CPU21 --silicon_errata=CPU22 --silicon_errata=CPU40 -z -m"Quiz_5.map" --heap_size=0 --stack_size=0 --cinit_hold_wdt=on -i"C:/ti/ccs1281/ccs/ccs_base/msp430/include" -i"C:/ti/ccs1281/ccs/ccs_base/msp430/lib/5xx_6xx_FRxx" -i"C:/ti/ccs1281/ccs/ccs_base/msp430/lib/FR59xx" -i"C:/ti/ccs1281/ccs/tools/compiler/ti-cgt-msp430_21.6.1.LTS/lib" -i"C:/ti/ccs1281/ccs/tools/compiler/ti-cgt-msp430_21.6.1.LTS/include" --priority --reread_libs --define=_MPU_ENABLE --diag_wrap=off --display_error_number --warn_sections --xml_link_info="Quiz_5_linkInfo.xml" --entry_point=RESET --use_hw_mpy=F5 -o "Quiz_5.out" "./main.obj" "../lnk_msp430fr6989.cmd"  -llibmpu_init.a -llibmath.a -llibc.a 
<Linking>
Finished building target: "Quiz_5.out"
 

**** Build Finished ****

**** Build of configuration Debug for project Quiz_5 ****

"C:\\ti\\ccs1281\\ccs\\utils\\bin\\gmake" -k -j 20 all -O 
 
gmake[1]: 'Quiz_5.out' is up to date.

**** Build Finished ****

**** Build of configuration Debug for project Quiz_5 ****

"C:\\ti\\ccs1281\\ccs\\utils\\bin\\gmake" -k -j 20 all -O 
 
Building file: "../main.asm"
Invoking: MSP430 Compiler
"C:/ti/ccs1281/ccs/tools/compiler/ti-cgt-msp430_21.6.1.LTS/bin/cl430" -vmspx --code_model=small --data_model=small --use_hw_mpy=F5 --include_path="C:/ti/ccs1281/ccs/ccs_base/msp430/include" --include_path="C:/Users/evanm/OneDrive/Desktop/Github Projects/OSU-Classes/ECE 2560/Quiz_5" --include_path="C:/ti/ccs1281/ccs/tools/compiler/ti-cgt-msp430_21.6.1.LTS/include" --advice:power=all --advice:hw_config=all --define=__MSP430FR6989__ --define=_MPU_ENABLE -g --printf_support=minimal --diag_warning=225 --diag_wrap=off --display_error_number --silicon_errata=CPU21 --silicon_errata=CPU22 --silicon_errata=CPU40 --preproc_with_compile --preproc_dependency="main.d_raw"  "../main.asm"
Finished building: "../main.asm"
 
Building target: "Quiz_5.out"
Invoking: MSP430 Linker
"C:/ti/ccs1281/ccs/tools/compiler/ti-cgt-msp430_21.6.1.LTS/bin/cl430" -vmspx --code_model=small --data_model=small --use_hw_mpy=F5 --advice:power=all --advice:hw_config=all --define=__MSP430FR6989__ --define=_MPU_ENABLE -g --printf_support=minimal --diag_warning=225 --diag_wrap=off --display_error_number --silicon_errata=CPU21 --silicon_errata=CPU22 --silicon_errata=CPU40 -z -m"Quiz_5.map" --heap_size=0 --stack_size=0 --cinit_hold_wdt=on -i"C:/ti/ccs1281/ccs/ccs_base/msp430/include" -i"C:/ti/ccs1281/ccs/ccs_base/msp430/lib/5xx_6xx_FRxx" -i"C:/ti/ccs1281/ccs/ccs_base/msp430/lib/FR59xx" -i"C:/ti/ccs1281/ccs/tools/compiler/ti-cgt-msp430_21.6.1.LTS/lib" -i"C:/ti/ccs1281/ccs/tools/compiler/ti-cgt-msp430_21.6.1.LTS/include" --priority --reread_libs --define=_MPU_ENABLE --diag_wrap=off --display_error_number --warn_sections --xml_link_info="Quiz_5_linkInfo.xml" --entry_point=RESET --use_hw_mpy=F5 -o "Quiz_5.out" "./main.obj" "../lnk_msp430fr6989.cmd"  -llibmpu_init.a -llibmath.a -llibc.a 
<Linking>
Finished building target: "Quiz_5.out"
 

**** Build Finished ****

**** Build of configuration Debug for project Quiz_5 ****

"C:\\ti\\ccs1281\\ccs\\utils\\bin\\gmake" -k -j 20 all -O 
 
gmake[1]: 'Quiz_5.out' is up to date.

**** Build Finished ****

**** Build of configuration Debug for project Quiz_5 ****

"C:\\ti\\ccs1281\\ccs\\utils\\bin\\gmake" -k -j 20 all -O 
 
Building file: "../main.asm"
Invoking: MSP430 Compiler
"C:/ti/ccs1281/ccs/tools/compiler/ti-cgt-msp430_21.6.1.LTS/bin/cl430" -vmspx --code_model=small --data_model=small --use_hw_mpy=F5 --include_path="C:/ti/ccs1281/ccs/ccs_base/msp430/include" --include_path="C:/Users/evanm/OneDrive/Desktop/Github Projects/OSU-Classes/ECE 2560/Quiz_5" --include_path="C:/ti/ccs1281/ccs/tools/compiler/ti-cgt-msp430_21.6.1.LTS/include" --advice:power=all --advice:hw_config=all --define=__MSP430FR6989__ --define=_MPU_ENABLE -g --printf_support=minimal --diag_warning=225 --diag_wrap=off --display_error_number --silicon_errata=CPU21 --silicon_errata=CPU22 --silicon_errata=CPU40 --preproc_with_compile --preproc_dependency="main.d_raw"  "../main.asm"
Finished building: "../main.asm"
 
Building target: "Quiz_5.out"
Invoking: MSP430 Linker
"C:/ti/ccs1281/ccs/tools/compiler/ti-cgt-msp430_21.6.1.LTS/bin/cl430" -vmspx --code_model=small --data_model=small --use_hw_mpy=F5 --advice:power=all --advice:hw_config=all --define=__MSP430FR6989__ --define=_MPU_ENABLE -g --printf_support=minimal --diag_warning=225 --diag_wrap=off --display_error_number --silicon_errata=CPU21 --silicon_errata=CPU22 --silicon_errata=CPU40 -z -m"Quiz_5.map" --heap_size=0 --stack_size=0 --cinit_hold_wdt=on -i"C:/ti/ccs1281/ccs/ccs_base/msp430/include" -i"C:/ti/ccs1281/ccs/ccs_base/msp430/lib/5xx_6xx_FRxx" -i"C:/ti/ccs1281/ccs/ccs_base/msp430/lib/FR59xx" -i"C:/ti/ccs1281/ccs/tools/compiler/ti-cgt-msp430_21.6.1.LTS/lib" -i"C:/ti/ccs1281/ccs/tools/compiler/ti-cgt-msp430_21.6.1.LTS/include" --priority --reread_libs --define=_MPU_ENABLE --diag_wrap=off --display_error_number --warn_sections --xml_link_info="Quiz_5_linkInfo.xml" --entry_point=RESET --use_hw_mpy=F5 -o "Quiz_5.out" "./main.obj" "../lnk_msp430fr6989.cmd"  -llibmpu_init.a -llibmath.a -llibc.a 
<Linking>
Finished building target: "Quiz_5.out"
 

**** Build Finished ****

**** Build of configuration Debug for project Quiz_5 ****

"C:\\ti\\ccs1281\\ccs\\utils\\bin\\gmake" -k -j 20 all -O 
 
gmake[1]: 'Quiz_5.out' is up to date.

**** Build Finished ****

**** Build of configuration Debug for project Quiz_5 ****

"C:\\ti\\ccs1281\\ccs\\utils\\bin\\gmake" -k -j 20 all -O 
 
gmake[1]: 'Quiz_5.out' is up to date.

**** Build Finished ****

**** Build of configuration Debug for project ECE2560_Project1 ****

"C:\\ti\\ccs1281\\ccs\\utils\\bin\\gmake" -k -j 20 all -O 
 
Building file: "../main.asm"
Invoking: MSP430 Compiler
"C:/ti/ccs1281/ccs/tools/compiler/ti-cgt-msp430_21.6.1.LTS/bin/cl430" -vmspx --code_model=small --data_model=small --use_hw_mpy=F5 --include_path="C:/ti/ccs1281/ccs/ccs_base/msp430/include" --include_path="C:/Users/evanm/OneDrive/Desktop/Github Projects/OSU-Classes/ECE 2560/ECE2560_Project1" --include_path="C:/ti/ccs1281/ccs/tools/compiler/ti-cgt-msp430_21.6.1.LTS/include" --advice:power=all --advice:hw_config=all --define=__MSP430FR6989__ --define=_MPU_ENABLE -g --printf_support=minimal --diag_warning=225 --diag_wrap=off --display_error_number --silicon_errata=CPU21 --silicon_errata=CPU22 --silicon_errata=CPU40 --preproc_with_compile --preproc_dependency="main.d_raw"  "../main.asm"
Finished building: "../main.asm"
 
Building file: "../Project.asm"
Invoking: MSP430 Compiler
"C:/ti/ccs1281/ccs/tools/compiler/ti-cgt-msp430_21.6.1.LTS/bin/cl430" -vmspx --code_model=small --data_model=small --use_hw_mpy=F5 --include_path="C:/ti/ccs1281/ccs/ccs_base/msp430/include" --include_path="C:/Users/evanm/OneDrive/Desktop/Github Projects/OSU-Classes/ECE 2560/ECE2560_Project1" --include_path="C:/ti/ccs1281/ccs/tools/compiler/ti-cgt-msp430_21.6.1.LTS/include" --advice:power=all --advice:hw_config=all --define=__MSP430FR6989__ --define=_MPU_ENABLE -g --printf_support=minimal --diag_warning=225 --diag_wrap=off --display_error_number --silicon_errata=CPU21 --silicon_errata=CPU22 --silicon_errata=CPU40 --preproc_with_compile --preproc_dependency="Project.d_raw"  "../Project.asm"
Finished building: "../Project.asm"
 
Building target: "ECE2560_Project1.out"
Invoking: MSP430 Linker
"C:/ti/ccs1281/ccs/tools/compiler/ti-cgt-msp430_21.6.1.LTS/bin/cl430" -vmspx --code_model=small --data_model=small --use_hw_mpy=F5 --advice:power=all --advice:hw_config=all --define=__MSP430FR6989__ --define=_MPU_ENABLE -g --printf_support=minimal --diag_warning=225 --diag_wrap=off --display_error_number --silicon_errata=CPU21 --silicon_errata=CPU22 --silicon_errata=CPU40 -z -m"ECE2560_Project1.map" --heap_size=0 --stack_size=0 --cinit_hold_wdt=on -i"C:/ti/ccs1281/ccs/ccs_base/msp430/include" -i"C:/ti/ccs1281/ccs/ccs_base/msp430/lib/5xx_6xx_FRxx" -i"C:/ti/ccs1281/ccs/ccs_base/msp430/lib/FR59xx" -i"C:/ti/ccs1281/ccs/tools/compiler/ti-cgt-msp430_21.6.1.LTS/lib" -i"C:/ti/ccs1281/ccs/tools/compiler/ti-cgt-msp430_21.6.1.LTS/include" --priority --reread_libs --define=_MPU_ENABLE --diag_wrap=off --display_error_number --warn_sections --xml_link_info="ECE2560_Project1_linkInfo.xml" --entry_point=RESET --use_hw_mpy=F5 -o "ECE2560_Project1.out" "./Project.obj" "./main.obj" "../lnk_msp430fr6989.cmd"  -llibmpu_init.a -llibmath.a -llibc.a 
<Linking>
error #10056: symbol "mean_sqr" redefined: first defined in "./Project.obj"; redefined in "./main.obj"
error #10056: symbol "mean" redefined: first defined in "./Project.obj"; redefined in "./main.obj"
error #10056: symbol "RESET" redefined: first defined in "./Project.obj"; redefined in "./main.obj"
"../lnk_msp430fr6989.cmd", line 256: error #10099-D: program will not fit into available memory, or the section contains a call site that requires a trampoline that can't be generated for this section. placement with alignment fails for section ".reset" size 0x4.  Available memory ranges:
   RESET        size: 0x2          unused: 0x2          max hole: 0x2       
error #10010: errors encountered during linking; "ECE2560_Project1.out" not built
 
>> Compilation failure
makefile:138: recipe for target 'ECE2560_Project1.out' failed
gmake[1]: *** [ECE2560_Project1.out] Error 1
makefile:134: recipe for target 'all' failed
gmake: *** [all] Error 2

**** Build Finished ****

**** Build of configuration Debug for project ECE2560_Project1 ****

"C:\\ti\\ccs1281\\ccs\\utils\\bin\\gmake" -k -j 20 all -O 
 
Building target: "ECE2560_Project1.out"
Invoking: MSP430 Linker
"C:/ti/ccs1281/ccs/tools/compiler/ti-cgt-msp430_21.6.1.LTS/bin/cl430" -vmspx --code_model=small --data_model=small --use_hw_mpy=F5 --advice:power=all --advice:hw_config=all --define=__MSP430FR6989__ --define=_MPU_ENABLE -g --printf_support=minimal --diag_warning=225 --diag_wrap=off --display_error_number --silicon_errata=CPU21 --silicon_errata=CPU22 --silicon_errata=CPU40 -z -m"ECE2560_Project1.map" --heap_size=0 --stack_size=0 --cinit_hold_wdt=on -i"C:/ti/ccs1281/ccs/ccs_base/msp430/include" -i"C:/ti/ccs1281/ccs/ccs_base/msp430/lib/5xx_6xx_FRxx" -i"C:/ti/ccs1281/ccs/ccs_base/msp430/lib/FR59xx" -i"C:/ti/ccs1281/ccs/tools/compiler/ti-cgt-msp430_21.6.1.LTS/lib" -i"C:/ti/ccs1281/ccs/tools/compiler/ti-cgt-msp430_21.6.1.LTS/include" --priority --reread_libs --define=_MPU_ENABLE --diag_wrap=off --display_error_number --warn_sections --xml_link_info="ECE2560_Project1_linkInfo.xml" --entry_point=RESET --use_hw_mpy=F5 -o "ECE2560_Project1.out" "./Project.obj" "./main.obj" "../lnk_msp430fr6989.cmd"  -llibmpu_init.a -llibmath.a -llibc.a 
<Linking>
error #10056: symbol "mean_sqr" redefined: first defined in "./Project.obj"; redefined in "./main.obj"
error #10056: symbol "mean" redefined: first defined in "./Project.obj"; redefined in "./main.obj"
error #10056: symbol "RESET" redefined: first defined in "./Project.obj"; redefined in "./main.obj"
"../lnk_msp430fr6989.cmd", line 256: error #10099-D: program will not fit into available memory, or the section contains a call site that requires a trampoline that can't be generated for this section. placement with alignment fails for section ".reset" size 0x4.  Available memory ranges:
   RESET        size: 0x2          unused: 0x2          max hole: 0x2       
error #10010: errors encountered during linking; "ECE2560_Project1.out" not built
 
>> Compilation failure
makefile:138: recipe for target 'ECE2560_Project1.out' failed
gmake[1]: *** [ECE2560_Project1.out] Error 1
makefile:134: recipe for target 'all' failed
gmake: *** [all] Error 2

**** Build Finished ****

**** Build of configuration Debug for project ECE2560_Project1 ****

"C:\\ti\\ccs1281\\ccs\\utils\\bin\\gmake" -k -j 20 all -O 
 
Building target: "ECE2560_Project1.out"
Invoking: MSP430 Linker
"C:/ti/ccs1281/ccs/tools/compiler/ti-cgt-msp430_21.6.1.LTS/bin/cl430" -vmspx --code_model=small --data_model=small --use_hw_mpy=F5 --advice:power=all --advice:hw_config=all --define=__MSP430FR6989__ --define=_MPU_ENABLE -g --printf_support=minimal --diag_warning=225 --diag_wrap=off --display_error_number --silicon_errata=CPU21 --silicon_errata=CPU22 --silicon_errata=CPU40 -z -m"ECE2560_Project1.map" --heap_size=0 --stack_size=0 --cinit_hold_wdt=on -i"C:/ti/ccs1281/ccs/ccs_base/msp430/include" -i"C:/ti/ccs1281/ccs/ccs_base/msp430/lib/5xx_6xx_FRxx" -i"C:/ti/ccs1281/ccs/ccs_base/msp430/lib/FR59xx" -i"C:/ti/ccs1281/ccs/tools/compiler/ti-cgt-msp430_21.6.1.LTS/lib" -i"C:/ti/ccs1281/ccs/tools/compiler/ti-cgt-msp430_21.6.1.LTS/include" --priority --reread_libs --define=_MPU_ENABLE --diag_wrap=off --display_error_number --warn_sections --xml_link_info="ECE2560_Project1_linkInfo.xml" --entry_point=RESET --use_hw_mpy=F5 -o "ECE2560_Project1.out" "./Project.obj" "./main.obj" "../lnk_msp430fr6989.cmd"  -llibmpu_init.a -llibmath.a -llibc.a 
<Linking>
error #10056: symbol "mean_sqr" redefined: first defined in "./Project.obj"; redefined in "./main.obj"
error #10056: symbol "mean" redefined: first defined in "./Project.obj"; redefined in "./main.obj"
error #10056: symbol "RESET" redefined: first defined in "./Project.obj"; redefined in "./main.obj"
"../lnk_msp430fr6989.cmd", line 256: error #10099-D: program will not fit into available memory, or the section contains a call site that requires a trampoline that can't be generated for this section. placement with alignment fails for section ".reset" size 0x4.  Available memory ranges:
   RESET        size: 0x2          unused: 0x2          max hole: 0x2       
error #10010: errors encountered during linking; "ECE2560_Project1.out" not built
 
>> Compilation failure
makefile:138: recipe for target 'ECE2560_Project1.out' failed
gmake[1]: *** [ECE2560_Project1.out] Error 1
makefile:134: recipe for target 'all' failed
gmake: *** [all] Error 2

**** Build Finished ****

**** Build of configuration Debug for project ECE2560_Project1 ****

"C:\\ti\\ccs1281\\ccs\\utils\\bin\\gmake" -k -j 20 all -O 
 
Building target: "ECE2560_Project1.out"
Invoking: MSP430 Linker
"C:/ti/ccs1281/ccs/tools/compiler/ti-cgt-msp430_21.6.1.LTS/bin/cl430" -vmspx --code_model=small --data_model=small --use_hw_mpy=F5 --advice:power=all --advice:hw_config=all --define=__MSP430FR6989__ --define=_MPU_ENABLE -g --printf_support=minimal --diag_warning=225 --diag_wrap=off --display_error_number --silicon_errata=CPU21 --silicon_errata=CPU22 --silicon_errata=CPU40 -z -m"ECE2560_Project1.map" --heap_size=0 --stack_size=0 --cinit_hold_wdt=on -i"C:/ti/ccs1281/ccs/ccs_base/msp430/include" -i"C:/ti/ccs1281/ccs/ccs_base/msp430/lib/5xx_6xx_FRxx" -i"C:/ti/ccs1281/ccs/ccs_base/msp430/lib/FR59xx" -i"C:/ti/ccs1281/ccs/tools/compiler/ti-cgt-msp430_21.6.1.LTS/lib" -i"C:/ti/ccs1281/ccs/tools/compiler/ti-cgt-msp430_21.6.1.LTS/include" --priority --reread_libs --define=_MPU_ENABLE --diag_wrap=off --display_error_number --warn_sections --xml_link_info="ECE2560_Project1_linkInfo.xml" --entry_point=RESET --use_hw_mpy=F5 -o "ECE2560_Project1.out" "./Project.obj" "./main.obj" "../lnk_msp430fr6989.cmd"  -llibmpu_init.a -llibmath.a -llibc.a 
<Linking>
error #10056: symbol "mean_sqr" redefined: first defined in "./Project.obj"; redefined in "./main.obj"
error #10056: symbol "mean" redefined: first defined in "./Project.obj"; redefined in "./main.obj"
error #10056: symbol "RESET" redefined: first defined in "./Project.obj"; redefined in "./main.obj"
"../lnk_msp430fr6989.cmd", line 256: error #10099-D: program will not fit into available memory, or the section contains a call site that requires a trampoline that can't be generated for this section. placement with alignment fails for section ".reset" size 0x4.  Available memory ranges:
   RESET        size: 0x2          unused: 0x2          max hole: 0x2       
error #10010: errors encountered during linking; "ECE2560_Project1.out" not built
 
>> Compilation failure
makefile:138: recipe for target 'ECE2560_Project1.out' failed
gmake[1]: *** [ECE2560_Project1.out] Error 1
makefile:134: recipe for target 'all' failed
gmake: *** [all] Error 2

**** Build Finished ****

**** Build of configuration Debug for project ECE2560_Project1 ****

"C:\\ti\\ccs1281\\ccs\\utils\\bin\\gmake" -k -j 20 all -O 
 
Building target: "ECE2560_Project1.out"
Invoking: MSP430 Linker
"C:/ti/ccs1281/ccs/tools/compiler/ti-cgt-msp430_21.6.1.LTS/bin/cl430" -vmspx --code_model=small --data_model=small --use_hw_mpy=F5 --advice:power=all --advice:hw_config=all --define=__MSP430FR6989__ --define=_MPU_ENABLE -g --printf_support=minimal --diag_warning=225 --diag_wrap=off --display_error_number --silicon_errata=CPU21 --silicon_errata=CPU22 --silicon_errata=CPU40 -z -m"ECE2560_Project1.map" --heap_size=0 --stack_size=0 --cinit_hold_wdt=on -i"C:/ti/ccs1281/ccs/ccs_base/msp430/include" -i"C:/ti/ccs1281/ccs/ccs_base/msp430/lib/5xx_6xx_FRxx" -i"C:/ti/ccs1281/ccs/ccs_base/msp430/lib/FR59xx" -i"C:/ti/ccs1281/ccs/tools/compiler/ti-cgt-msp430_21.6.1.LTS/lib" -i"C:/ti/ccs1281/ccs/tools/compiler/ti-cgt-msp430_21.6.1.LTS/include" --priority --reread_libs --define=_MPU_ENABLE --diag_wrap=off --display_error_number --warn_sections --xml_link_info="ECE2560_Project1_linkInfo.xml" --entry_point=RESET --use_hw_mpy=F5 -o "ECE2560_Project1.out" "./Project.obj" "./main.obj" "../lnk_msp430fr6989.cmd"  -llibmpu_init.a -llibmath.a -llibc.a 
<Linking>
error #10056: symbol "mean_sqr" redefined: first defined in "./Project.obj"; redefined in "./main.obj"
error #10056: symbol "mean" redefined: first defined in "./Project.obj"; redefined in "./main.obj"
error #10056: symbol "RESET" redefined: first defined in "./Project.obj"; redefined in "./main.obj"
"../lnk_msp430fr6989.cmd", line 256: error #10099-D: program will not fit into available memory, or the section contains a call site that requires a trampoline that can't be generated for this section. placement with alignment fails for section ".reset" size 0x4.  Available memory ranges:
   RESET        size: 0x2          unused: 0x2          max hole: 0x2       
error #10010: errors encountered during linking; "ECE2560_Project1.out" not built
 
>> Compilation failure
makefile:138: recipe for target 'ECE2560_Project1.out' failed
gmake[1]: *** [ECE2560_Project1.out] Error 1
makefile:134: recipe for target 'all' failed
gmake: *** [all] Error 2

**** Build Finished ****

**** Build of configuration Debug for project ECE2560_Project1 ****

"C:\\ti\\ccs1281\\ccs\\utils\\bin\\gmake" -k -j 20 all -O 
 
Building target: "ECE2560_Project1.out"
Invoking: MSP430 Linker
"C:/ti/ccs1281/ccs/tools/compiler/ti-cgt-msp430_21.6.1.LTS/bin/cl430" -vmspx --code_model=small --data_model=small --use_hw_mpy=F5 --advice:power=all --advice:hw_config=all --define=__MSP430FR6989__ --define=_MPU_ENABLE -g --printf_support=minimal --diag_warning=225 --diag_wrap=off --display_error_number --silicon_errata=CPU21 --silicon_errata=CPU22 --silicon_errata=CPU40 -z -m"ECE2560_Project1.map" --heap_size=0 --stack_size=0 --cinit_hold_wdt=on -i"C:/ti/ccs1281/ccs/ccs_base/msp430/include" -i"C:/ti/ccs1281/ccs/ccs_base/msp430/lib/5xx_6xx_FRxx" -i"C:/ti/ccs1281/ccs/ccs_base/msp430/lib/FR59xx" -i"C:/ti/ccs1281/ccs/tools/compiler/ti-cgt-msp430_21.6.1.LTS/lib" -i"C:/ti/ccs1281/ccs/tools/compiler/ti-cgt-msp430_21.6.1.LTS/include" --priority --reread_libs --define=_MPU_ENABLE --diag_wrap=off --display_error_number --warn_sections --xml_link_info="ECE2560_Project1_linkInfo.xml" --entry_point=RESET --use_hw_mpy=F5 -o "ECE2560_Project1.out" "./Project.obj" "./main.obj" "../lnk_msp430fr6989.cmd"  -llibmpu_init.a -llibmath.a -llibc.a 
<Linking>
error #10056: symbol "mean_sqr" redefined: first defined in "./Project.obj"; redefined in "./main.obj"
error #10056: symbol "mean" redefined: first defined in "./Project.obj"; redefined in "./main.obj"
error #10056: symbol "RESET" redefined: first defined in "./Project.obj"; redefined in "./main.obj"
"../lnk_msp430fr6989.cmd", line 256: error #10099-D: program will not fit into available memory, or the section contains a call site that requires a trampoline that can't be generated for this section. placement with alignment fails for section ".reset" size 0x4.  Available memory ranges:
   RESET        size: 0x2          unused: 0x2          max hole: 0x2       
error #10010: errors encountered during linking; "ECE2560_Project1.out" not built
 
>> Compilation failure
makefile:138: recipe for target 'ECE2560_Project1.out' failed
gmake[1]: *** [ECE2560_Project1.out] Error 1
makefile:134: recipe for target 'all' failed
gmake: *** [all] Error 2

**** Build Finished ****

**** Build of configuration Debug for project ECE2560_Project1 ****

"C:\\ti\\ccs1281\\ccs\\utils\\bin\\gmake" -k -j 20 all -O 
 
Building target: "ECE2560_Project1.out"
Invoking: MSP430 Linker
"C:/ti/ccs1281/ccs/tools/compiler/ti-cgt-msp430_21.6.1.LTS/bin/cl430" -vmspx --code_model=small --data_model=small --use_hw_mpy=F5 --advice:power=all --advice:hw_config=all --define=__MSP430FR6989__ --define=_MPU_ENABLE -g --printf_support=minimal --diag_warning=225 --diag_wrap=off --display_error_number --silicon_errata=CPU21 --silicon_errata=CPU22 --silicon_errata=CPU40 -z -m"ECE2560_Project1.map" --heap_size=0 --stack_size=0 --cinit_hold_wdt=on -i"C:/ti/ccs1281/ccs/ccs_base/msp430/include" -i"C:/ti/ccs1281/ccs/ccs_base/msp430/lib/5xx_6xx_FRxx" -i"C:/ti/ccs1281/ccs/ccs_base/msp430/lib/FR59xx" -i"C:/ti/ccs1281/ccs/tools/compiler/ti-cgt-msp430_21.6.1.LTS/lib" -i"C:/ti/ccs1281/ccs/tools/compiler/ti-cgt-msp430_21.6.1.LTS/include" --priority --reread_libs --define=_MPU_ENABLE --diag_wrap=off --display_error_number --warn_sections --xml_link_info="ECE2560_Project1_linkInfo.xml" --entry_point=RESET --use_hw_mpy=F5 -o "ECE2560_Project1.out" "./main.obj" "../lnk_msp430fr6989.cmd"  -llibmpu_init.a -llibmath.a -llibc.a 
<Linking>
Finished building target: "ECE2560_Project1.out"
 

**** Build Finished ****

**** Build of configuration Debug for project ECE2560_Project1 ****

"C:\\ti\\ccs1281\\ccs\\utils\\bin\\gmake" -k -j 20 all -O 
 
gmake[1]: 'ECE2560_Project1.out' is up to date.

**** Build Finished ****

**** Build of configuration Debug for project ECE2560_Project1 ****

"C:\\ti\\ccs1281\\ccs\\utils\\bin\\gmake" -k -j 20 all -O 
 
gmake[1]: 'ECE2560_Project1.out' is up to date.

**** Build Finished ****

**** Build of configuration Debug for project ECE2560_Project1 ****

"C:\\ti\\ccs1281\\ccs\\utils\\bin\\gmake" -k -j 20 all -O 
 
gmake[1]: 'ECE2560_Project1.out' is up to date.

**** Build Finished ****

**** Build of configuration Debug for project ECE2560_Project1 ****

"C:\\ti\\ccs1281\\ccs\\utils\\bin\\gmake" -k -j 20 all -O 
 
gmake[1]: 'ECE2560_Project1.out' is up to date.

**** Build Finished ****

**** Build of configuration Debug for project ECE2560_Project1 ****

"C:\\ti\\ccs1281\\ccs\\utils\\bin\\gmake" -k -j 20 all -O 
 
gmake[1]: 'ECE2560_Project1.out' is up to date.

**** Build Finished ****

**** Build of configuration Debug for project ECE2560_Project1 ****

"C:\\ti\\ccs1281\\ccs\\utils\\bin\\gmake" -k -j 20 all -O 
 
gmake[1]: 'ECE2560_Project1.out' is up to date.

**** Build Finished ****

**** Build of configuration Debug for project ECE2560_Project1 ****

"C:\\ti\\ccs1281\\ccs\\utils\\bin\\gmake" -k -j 20 all -O 
 
gmake[1]: 'ECE2560_Project1.out' is up to date.

**** Build Finished ****

**** Build of configuration Debug for project ECE2560_Project1 ****

"C:\\ti\\ccs1281\\ccs\\utils\\bin\\gmake" -k -j 20 all -O 
 
gmake[1]: 'ECE2560_Project1.out' is up to date.

**** Build Finished ****

**** Build of configuration Debug for project ECE2560_Project1 ****

"C:\\ti\\ccs1281\\ccs\\utils\\bin\\gmake" -k -j 20 all -O 
 
gmake[1]: 'ECE2560_Project1.out' is up to date.

**** Build Finished ****

**** Build of configuration Debug for project ECE2560_Project1 ****

"C:\\ti\\ccs1281\\ccs\\utils\\bin\\gmake" -k -j 20 all -O 
 
Building file: "../main.asm"
Invoking: MSP430 Compiler
"C:/ti/ccs1281/ccs/tools/compiler/ti-cgt-msp430_21.6.1.LTS/bin/cl430" -vmspx --code_model=small --data_model=small --use_hw_mpy=F5 --include_path="C:/ti/ccs1281/ccs/ccs_base/msp430/include" --include_path="C:/Users/evanm/OneDrive/Desktop/Github Projects/OSU-Classes/ECE 2560/ECE2560_Project1" --include_path="C:/ti/ccs1281/ccs/tools/compiler/ti-cgt-msp430_21.6.1.LTS/include" --advice:power=all --advice:hw_config=all --define=__MSP430FR6989__ --define=_MPU_ENABLE -g --printf_support=minimal --diag_warning=225 --diag_wrap=off --display_error_number --silicon_errata=CPU21 --silicon_errata=CPU22 --silicon_errata=CPU40 --preproc_with_compile --preproc_dependency="main.d_raw"  "../main.asm"
Finished building: "../main.asm"
 
Building target: "ECE2560_Project1.out"
Invoking: MSP430 Linker
"C:/ti/ccs1281/ccs/tools/compiler/ti-cgt-msp430_21.6.1.LTS/bin/cl430" -vmspx --code_model=small --data_model=small --use_hw_mpy=F5 --advice:power=all --advice:hw_config=all --define=__MSP430FR6989__ --define=_MPU_ENABLE -g --printf_support=minimal --diag_warning=225 --diag_wrap=off --display_error_number --silicon_errata=CPU21 --silicon_errata=CPU22 --silicon_errata=CPU40 -z -m"ECE2560_Project1.map" --heap_size=0 --stack_size=0 --cinit_hold_wdt=on -i"C:/ti/ccs1281/ccs/ccs_base/msp430/include" -i"C:/ti/ccs1281/ccs/ccs_base/msp430/lib/5xx_6xx_FRxx" -i"C:/ti/ccs1281/ccs/ccs_base/msp430/lib/FR59xx" -i"C:/ti/ccs1281/ccs/tools/compiler/ti-cgt-msp430_21.6.1.LTS/lib" -i"C:/ti/ccs1281/ccs/tools/compiler/ti-cgt-msp430_21.6.1.LTS/include" --priority --reread_libs --define=_MPU_ENABLE --diag_wrap=off --display_error_number --warn_sections --xml_link_info="ECE2560_Project1_linkInfo.xml" --entry_point=RESET --use_hw_mpy=F5 -o "ECE2560_Project1.out" "./main.obj" "../lnk_msp430fr6989.cmd"  -llibmpu_init.a -llibmath.a -llibc.a 
<Linking>
Finished building target: "ECE2560_Project1.out"
 

**** Build Finished ****

**** Build of configuration Debug for project ECE2560_Project1 ****

"C:\\ti\\ccs1281\\ccs\\utils\\bin\\gmake" -k -j 20 all -O 
 
gmake[1]: 'ECE2560_Project1.out' is up to date.

**** Build Finished ****

**** Build of configuration Debug for project ECE2560_Project1 ****

"C:\\ti\\ccs1281\\ccs\\utils\\bin\\gmake" -k -j 20 all -O 
 
gmake[1]: 'ECE2560_Project1.out' is up to date.

**** Build Finished ****

**** Build of configuration Debug for project ECE2560_Project1 ****

"C:\\ti\\ccs1281\\ccs\\utils\\bin\\gmake" -k -j 20 all -O 
 
Building file: "../main.asm"
Invoking: MSP430 Compiler
"C:/ti/ccs1281/ccs/tools/compiler/ti-cgt-msp430_21.6.1.LTS/bin/cl430" -vmspx --code_model=small --data_model=small --use_hw_mpy=F5 --include_path="C:/ti/ccs1281/ccs/ccs_base/msp430/include" --include_path="C:/Users/evanm/OneDrive/Desktop/Github Projects/OSU-Classes/ECE 2560/ECE2560_Project1" --include_path="C:/ti/ccs1281/ccs/tools/compiler/ti-cgt-msp430_21.6.1.LTS/include" --advice:power=all --advice:hw_config=all --define=__MSP430FR6989__ --define=_MPU_ENABLE -g --printf_support=minimal --diag_warning=225 --diag_wrap=off --display_error_number --silicon_errata=CPU21 --silicon_errata=CPU22 --silicon_errata=CPU40 --preproc_with_compile --preproc_dependency="main.d_raw"  "../main.asm"
Finished building: "../main.asm"
 
Building target: "ECE2560_Project1.out"
Invoking: MSP430 Linker
"C:/ti/ccs1281/ccs/tools/compiler/ti-cgt-msp430_21.6.1.LTS/bin/cl430" -vmspx --code_model=small --data_model=small --use_hw_mpy=F5 --advice:power=all --advice:hw_config=all --define=__MSP430FR6989__ --define=_MPU_ENABLE -g --printf_support=minimal --diag_warning=225 --diag_wrap=off --display_error_number --silicon_errata=CPU21 --silicon_errata=CPU22 --silicon_errata=CPU40 -z -m"ECE2560_Project1.map" --heap_size=0 --stack_size=0 --cinit_hold_wdt=on -i"C:/ti/ccs1281/ccs/ccs_base/msp430/include" -i"C:/ti/ccs1281/ccs/ccs_base/msp430/lib/5xx_6xx_FRxx" -i"C:/ti/ccs1281/ccs/ccs_base/msp430/lib/FR59xx" -i"C:/ti/ccs1281/ccs/tools/compiler/ti-cgt-msp430_21.6.1.LTS/lib" -i"C:/ti/ccs1281/ccs/tools/compiler/ti-cgt-msp430_21.6.1.LTS/include" --priority --reread_libs --define=_MPU_ENABLE --diag_wrap=off --display_error_number --warn_sections --xml_link_info="ECE2560_Project1_linkInfo.xml" --entry_point=RESET --use_hw_mpy=F5 -o "ECE2560_Project1.out" "./main.obj" "../lnk_msp430fr6989.cmd"  -llibmpu_init.a -llibmath.a -llibc.a 
<Linking>
Finished building target: "ECE2560_Project1.out"
 

**** Build Finished ****

**** Build of configuration Debug for project ECE2560_Project1 ****

"C:\\ti\\ccs1281\\ccs\\utils\\bin\\gmake" -k -j 20 all -O 
 
gmake[1]: 'ECE2560_Project1.out' is up to date.

**** Build Finished ****

**** Build of configuration Debug for project ECE2560_Project1 ****

"C:\\ti\\ccs1281\\ccs\\utils\\bin\\gmake" -k -j 20 all -O 
 
gmake[1]: 'ECE2560_Project1.out' is up to date.

**** Build Finished ****

**** Build of configuration Debug for project Quiz6 ****

"C:\\ti\\ccs1281\\ccs\\utils\\bin\\gmake" -k -j 20 all -O 
 
Building file: "../main.asm"
Invoking: MSP430 Compiler
"C:/ti/ccs1281/ccs/tools/compiler/ti-cgt-msp430_21.6.1.LTS/bin/cl430" -vmspx --code_model=small --data_model=small --use_hw_mpy=F5 --include_path="C:/ti/ccs1281/ccs/ccs_base/msp430/include" --include_path="C:/Users/evanm/OneDrive/Desktop/Github Projects/OSU-Classes/ECE 2560/Quiz6" --include_path="C:/ti/ccs1281/ccs/tools/compiler/ti-cgt-msp430_21.6.1.LTS/include" --advice:power=all --advice:hw_config=all --define=__MSP430FR6989__ --define=_MPU_ENABLE -g --printf_support=minimal --diag_warning=225 --diag_wrap=off --display_error_number --silicon_errata=CPU21 --silicon_errata=CPU22 --silicon_errata=CPU40 --preproc_with_compile --preproc_dependency="main.d_raw"  "../main.asm"
1 Assembly Error, No Assembly Warnings
 
>> Compilation failure
subdir_rules.mk:9: recipe for target 'main.obj' failed
"../main.asm", ERROR!   at line 48: [E0002] Illegal mnemonic specified
	 main:		jmp		main
 
 
Errors in Source - Assembler Aborted
gmake: *** [main.obj] Error 1
gmake: Target 'all' not remade because of errors.

**** Build Finished ****

**** Build of configuration Debug for project Quiz6 ****

"C:\\ti\\ccs1281\\ccs\\utils\\bin\\gmake" -k -j 20 all -O 
 
Building file: "../main.asm"
Invoking: MSP430 Compiler
"C:/ti/ccs1281/ccs/tools/compiler/ti-cgt-msp430_21.6.1.LTS/bin/cl430" -vmspx --code_model=small --data_model=small --use_hw_mpy=F5 --include_path="C:/ti/ccs1281/ccs/ccs_base/msp430/include" --include_path="C:/Users/evanm/OneDrive/Desktop/Github Projects/OSU-Classes/ECE 2560/Quiz6" --include_path="C:/ti/ccs1281/ccs/tools/compiler/ti-cgt-msp430_21.6.1.LTS/include" --advice:power=all --advice:hw_config=all --define=__MSP430FR6989__ --define=_MPU_ENABLE -g --printf_support=minimal --diag_warning=225 --diag_wrap=off --display_error_number --silicon_errata=CPU21 --silicon_errata=CPU22 --silicon_errata=CPU40 --preproc_with_compile --preproc_dependency="main.d_raw"  "../main.asm"
1 Assembly Error, No Assembly Warnings
 
>> Compilation failure
subdir_rules.mk:9: recipe for target 'main.obj' failed
"../main.asm", ERROR!   at line 48: [E0002] Illegal mnemonic specified
	 main:		jmp		main
 
 
Errors in Source - Assembler Aborted
gmake: *** [main.obj] Error 1
gmake: Target 'all' not remade because of errors.

**** Build Finished ****

**** Build of configuration Debug for project Quiz6 ****

"C:\\ti\\ccs1281\\ccs\\utils\\bin\\gmake" -k -j 20 all -O 
 
Building file: "../main.asm"
Invoking: MSP430 Compiler
"C:/ti/ccs1281/ccs/tools/compiler/ti-cgt-msp430_21.6.1.LTS/bin/cl430" -vmspx --code_model=small --data_model=small --use_hw_mpy=F5 --include_path="C:/ti/ccs1281/ccs/ccs_base/msp430/include" --include_path="C:/Users/evanm/OneDrive/Desktop/Github Projects/OSU-Classes/ECE 2560/Quiz6" --include_path="C:/ti/ccs1281/ccs/tools/compiler/ti-cgt-msp430_21.6.1.LTS/include" --advice:power=all --advice:hw_config=all --define=__MSP430FR6989__ --define=_MPU_ENABLE -g --printf_support=minimal --diag_warning=225 --diag_wrap=off --display_error_number --silicon_errata=CPU21 --silicon_errata=CPU22 --silicon_errata=CPU40 --preproc_with_compile --preproc_dependency="main.d_raw"  "../main.asm"
1 Assembly Error, No Assembly Warnings
 
>> Compilation failure
subdir_rules.mk:9: recipe for target 'main.obj' failed
"../main.asm", ERROR!   at line 48: [E0002] Illegal mnemonic specified
	 main:		jmp		main
 
 
Errors in Source - Assembler Aborted
gmake: *** [main.obj] Error 1
gmake: Target 'all' not remade because of errors.

**** Build Finished ****

**** Build of configuration Debug for project Quiz6 ****

"C:\\ti\\ccs1281\\ccs\\utils\\bin\\gmake" -k -j 20 all -O 
 
Building file: "../main.asm"
Invoking: MSP430 Compiler
"C:/ti/ccs1281/ccs/tools/compiler/ti-cgt-msp430_21.6.1.LTS/bin/cl430" -vmspx --code_model=small --data_model=small --use_hw_mpy=F5 --include_path="C:/ti/ccs1281/ccs/ccs_base/msp430/include" --include_path="C:/Users/evanm/OneDrive/Desktop/Github Projects/OSU-Classes/ECE 2560/Quiz6" --include_path="C:/ti/ccs1281/ccs/tools/compiler/ti-cgt-msp430_21.6.1.LTS/include" --advice:power=all --advice:hw_config=all --define=__MSP430FR6989__ --define=_MPU_ENABLE -g --printf_support=minimal --diag_warning=225 --diag_wrap=off --display_error_number --silicon_errata=CPU21 --silicon_errata=CPU22 --silicon_errata=CPU40 --preproc_with_compile --preproc_dependency="main.d_raw"  "../main.asm"
1 Assembly Error, No Assembly Warnings
 
>> Compilation failure
subdir_rules.mk:9: recipe for target 'main.obj' failed
"../main.asm", ERROR!   at line 48: [E0002] Illegal mnemonic specified
	 start:		jmp		start
 
 
Errors in Source - Assembler Aborted
gmake: *** [main.obj] Error 1
gmake: Target 'all' not remade because of errors.

**** Build Finished ****

**** Build of configuration Debug for project Quiz6 ****

"C:\\ti\\ccs1281\\ccs\\utils\\bin\\gmake" -k -j 20 all -O 
 
Building file: "../main.asm"
Invoking: MSP430 Compiler
"C:/ti/ccs1281/ccs/tools/compiler/ti-cgt-msp430_21.6.1.LTS/bin/cl430" -vmspx --code_model=small --data_model=small --use_hw_mpy=F5 --include_path="C:/ti/ccs1281/ccs/ccs_base/msp430/include" --include_path="C:/Users/evanm/OneDrive/Desktop/Github Projects/OSU-Classes/ECE 2560/Quiz6" --include_path="C:/ti/ccs1281/ccs/tools/compiler/ti-cgt-msp430_21.6.1.LTS/include" --advice:power=all --advice:hw_config=all --define=__MSP430FR6989__ --define=_MPU_ENABLE -g --printf_support=minimal --diag_warning=225 --diag_wrap=off --display_error_number --silicon_errata=CPU21 --silicon_errata=CPU22 --silicon_errata=CPU40 --preproc_with_compile --preproc_dependency="main.d_raw"  "../main.asm"
1 Assembly Error, No Assembly Warnings
 
>> Compilation failure
subdir_rules.mk:9: recipe for target 'main.obj' failed
"../main.asm", ERROR!   at line 48: [E0002] Illegal mnemonic specified
	 main:		jmp		main
 
 
Errors in Source - Assembler Aborted
gmake: *** [main.obj] Error 1
gmake: Target 'all' not remade because of errors.

**** Build Finished ****

**** Build of configuration Debug for project Quiz6 ****

"C:\\ti\\ccs1281\\ccs\\utils\\bin\\gmake" -k -j 20 all -O 
 
Building file: "../main.asm"
Invoking: MSP430 Compiler
"C:/ti/ccs1281/ccs/tools/compiler/ti-cgt-msp430_21.6.1.LTS/bin/cl430" -vmspx --code_model=small --data_model=small --use_hw_mpy=F5 --include_path="C:/ti/ccs1281/ccs/ccs_base/msp430/include" --include_path="C:/Users/evanm/OneDrive/Desktop/Github Projects/OSU-Classes/ECE 2560/Quiz6" --include_path="C:/ti/ccs1281/ccs/tools/compiler/ti-cgt-msp430_21.6.1.LTS/include" --advice:power=all --advice:hw_config=all --define=__MSP430FR6989__ --define=_MPU_ENABLE -g --printf_support=minimal --diag_warning=225 --diag_wrap=off --display_error_number --silicon_errata=CPU21 --silicon_errata=CPU22 --silicon_errata=CPU40 --preproc_with_compile --preproc_dependency="main.d_raw"  "../main.asm"
3 Assembly Errors, No Assembly Warnings
 
>> Compilation failure
subdir_rules.mk:9: recipe for target 'main.obj' failed
"../main.asm", ERROR!   at line 48: [E0002] Illegal mnemonic specified
	 main:
 
"../main.asm", ERROR!   at line 49: [E0001] Undefined symbol
	 			jmp		main
 
"../main.asm", ERROR!   at EOF: [E0300] The following symbols are undefined:
  main
 
Errors in Source - Assembler Aborted
gmake: *** [main.obj] Error 1
gmake: Target 'all' not remade because of errors.

**** Build Finished ****

**** Build of configuration Debug for project Quiz6 ****

"C:\\ti\\ccs1281\\ccs\\utils\\bin\\gmake" -k -j 20 all -O 
 
Building file: "../main.asm"
Invoking: MSP430 Compiler
"C:/ti/ccs1281/ccs/tools/compiler/ti-cgt-msp430_21.6.1.LTS/bin/cl430" -vmspx --code_model=small --data_model=small --use_hw_mpy=F5 --include_path="C:/ti/ccs1281/ccs/ccs_base/msp430/include" --include_path="C:/Users/evanm/OneDrive/Desktop/Github Projects/OSU-Classes/ECE 2560/Quiz6" --include_path="C:/ti/ccs1281/ccs/tools/compiler/ti-cgt-msp430_21.6.1.LTS/include" --advice:power=all --advice:hw_config=all --define=__MSP430FR6989__ --define=_MPU_ENABLE -g --printf_support=minimal --diag_warning=225 --diag_wrap=off --display_error_number --silicon_errata=CPU21 --silicon_errata=CPU22 --silicon_errata=CPU40 --preproc_with_compile --preproc_dependency="main.d_raw"  "../main.asm"
Finished building: "../main.asm"
 
Building target: "Quiz6.out"
Invoking: MSP430 Linker
"C:/ti/ccs1281/ccs/tools/compiler/ti-cgt-msp430_21.6.1.LTS/bin/cl430" -vmspx --code_model=small --data_model=small --use_hw_mpy=F5 --advice:power=all --advice:hw_config=all --define=__MSP430FR6989__ --define=_MPU_ENABLE -g --printf_support=minimal --diag_warning=225 --diag_wrap=off --display_error_number --silicon_errata=CPU21 --silicon_errata=CPU22 --silicon_errata=CPU40 -z -m"Quiz6.map" --heap_size=0 --stack_size=0 --cinit_hold_wdt=on -i"C:/ti/ccs1281/ccs/ccs_base/msp430/include" -i"C:/ti/ccs1281/ccs/ccs_base/msp430/lib/5xx_6xx_FRxx" -i"C:/ti/ccs1281/ccs/ccs_base/msp430/lib/FR59xx" -i"C:/ti/ccs1281/ccs/tools/compiler/ti-cgt-msp430_21.6.1.LTS/lib" -i"C:/ti/ccs1281/ccs/tools/compiler/ti-cgt-msp430_21.6.1.LTS/include" --priority --reread_libs --define=_MPU_ENABLE --diag_wrap=off --display_error_number --warn_sections --xml_link_info="Quiz6_linkInfo.xml" --entry_point=RESET --use_hw_mpy=F5 -o "Quiz6.out" "./main.obj" "../lnk_msp430fr6989.cmd"  -llibmpu_init.a -llibmath.a -llibc.a 
<Linking>
Finished building target: "Quiz6.out"
 

**** Build Finished ****

**** Build of configuration Debug for project Quiz6 ****

"C:\\ti\\ccs1281\\ccs\\utils\\bin\\gmake" -k -j 20 all -O 
 
gmake[1]: 'Quiz6.out' is up to date.

**** Build Finished ****

**** Build of configuration Debug for project Quiz6 ****

"C:\\ti\\ccs1281\\ccs\\utils\\bin\\gmake" -k -j 20 all -O 
 
Building file: "../main.asm"
Invoking: MSP430 Compiler
"C:/ti/ccs1281/ccs/tools/compiler/ti-cgt-msp430_21.6.1.LTS/bin/cl430" -vmspx --code_model=small --data_model=small --use_hw_mpy=F5 --include_path="C:/ti/ccs1281/ccs/ccs_base/msp430/include" --include_path="C:/Users/evanm/OneDrive/Desktop/Github Projects/OSU-Classes/ECE 2560/Quiz6" --include_path="C:/ti/ccs1281/ccs/tools/compiler/ti-cgt-msp430_21.6.1.LTS/include" --advice:power=all --advice:hw_config=all --define=__MSP430FR6989__ --define=_MPU_ENABLE -g --printf_support=minimal --diag_warning=225 --diag_wrap=off --display_error_number --silicon_errata=CPU21 --silicon_errata=CPU22 --silicon_errata=CPU40 --preproc_with_compile --preproc_dependency="main.d_raw"  "../main.asm"
Finished building: "../main.asm"
 
Building target: "Quiz6.out"
Invoking: MSP430 Linker
"C:/ti/ccs1281/ccs/tools/compiler/ti-cgt-msp430_21.6.1.LTS/bin/cl430" -vmspx --code_model=small --data_model=small --use_hw_mpy=F5 --advice:power=all --advice:hw_config=all --define=__MSP430FR6989__ --define=_MPU_ENABLE -g --printf_support=minimal --diag_warning=225 --diag_wrap=off --display_error_number --silicon_errata=CPU21 --silicon_errata=CPU22 --silicon_errata=CPU40 -z -m"Quiz6.map" --heap_size=0 --stack_size=0 --cinit_hold_wdt=on -i"C:/ti/ccs1281/ccs/ccs_base/msp430/include" -i"C:/ti/ccs1281/ccs/ccs_base/msp430/lib/5xx_6xx_FRxx" -i"C:/ti/ccs1281/ccs/ccs_base/msp430/lib/FR59xx" -i"C:/ti/ccs1281/ccs/tools/compiler/ti-cgt-msp430_21.6.1.LTS/lib" -i"C:/ti/ccs1281/ccs/tools/compiler/ti-cgt-msp430_21.6.1.LTS/include" --priority --reread_libs --define=_MPU_ENABLE --diag_wrap=off --display_error_number --warn_sections --xml_link_info="Quiz6_linkInfo.xml" --entry_point=RESET --use_hw_mpy=F5 -o "Quiz6.out" "./main.obj" "../lnk_msp430fr6989.cmd"  -llibmpu_init.a -llibmath.a -llibc.a 
<Linking>
Finished building target: "Quiz6.out"
 

**** Build Finished ****

**** Build of configuration Debug for project Quiz6 ****

"C:\\ti\\ccs1281\\ccs\\utils\\bin\\gmake" -k -j 20 all -O 
 
gmake[1]: 'Quiz6.out' is up to date.

**** Build Finished ****

**** Build of configuration Debug for project Quiz6 ****

"C:\\ti\\ccs1281\\ccs\\utils\\bin\\gmake" -k -j 20 all -O 
 
Building file: "../main.asm"
Invoking: MSP430 Compiler
"C:/ti/ccs1281/ccs/tools/compiler/ti-cgt-msp430_21.6.1.LTS/bin/cl430" -vmspx --code_model=small --data_model=small --use_hw_mpy=F5 --include_path="C:/ti/ccs1281/ccs/ccs_base/msp430/include" --include_path="C:/Users/evanm/OneDrive/Desktop/Github Projects/OSU-Classes/ECE 2560/Quiz6" --include_path="C:/ti/ccs1281/ccs/tools/compiler/ti-cgt-msp430_21.6.1.LTS/include" --advice:power=all --advice:hw_config=all --define=__MSP430FR6989__ --define=_MPU_ENABLE -g --printf_support=minimal --diag_warning=225 --diag_wrap=off --display_error_number --silicon_errata=CPU21 --silicon_errata=CPU22 --silicon_errata=CPU40 --preproc_with_compile --preproc_dependency="main.d_raw"  "../main.asm"
Finished building: "../main.asm"
 
Building target: "Quiz6.out"
Invoking: MSP430 Linker
"C:/ti/ccs1281/ccs/tools/compiler/ti-cgt-msp430_21.6.1.LTS/bin/cl430" -vmspx --code_model=small --data_model=small --use_hw_mpy=F5 --advice:power=all --advice:hw_config=all --define=__MSP430FR6989__ --define=_MPU_ENABLE -g --printf_support=minimal --diag_warning=225 --diag_wrap=off --display_error_number --silicon_errata=CPU21 --silicon_errata=CPU22 --silicon_errata=CPU40 -z -m"Quiz6.map" --heap_size=0 --stack_size=0 --cinit_hold_wdt=on -i"C:/ti/ccs1281/ccs/ccs_base/msp430/include" -i"C:/ti/ccs1281/ccs/ccs_base/msp430/lib/5xx_6xx_FRxx" -i"C:/ti/ccs1281/ccs/ccs_base/msp430/lib/FR59xx" -i"C:/ti/ccs1281/ccs/tools/compiler/ti-cgt-msp430_21.6.1.LTS/lib" -i"C:/ti/ccs1281/ccs/tools/compiler/ti-cgt-msp430_21.6.1.LTS/include" --priority --reread_libs --define=_MPU_ENABLE --diag_wrap=off --display_error_number --warn_sections --xml_link_info="Quiz6_linkInfo.xml" --entry_point=RESET --use_hw_mpy=F5 -o "Quiz6.out" "./main.obj" "../lnk_msp430fr6989.cmd"  -llibmpu_init.a -llibmath.a -llibc.a 
<Linking>
Finished building target: "Quiz6.out"
 

**** Build Finished ****

**** Build of configuration Debug for project Quiz6 ****

"C:\\ti\\ccs1281\\ccs\\utils\\bin\\gmake" -k -j 20 all -O 
 
gmake[1]: 'Quiz6.out' is up to date.

**** Build Finished ****

**** Build of configuration Debug for project Quiz6 ****

"C:\\ti\\ccs1281\\ccs\\utils\\bin\\gmake" -k -j 20 all -O 
 
Building file: "../main.asm"
Invoking: MSP430 Compiler
"C:/ti/ccs1281/ccs/tools/compiler/ti-cgt-msp430_21.6.1.LTS/bin/cl430" -vmspx --code_model=small --data_model=small --use_hw_mpy=F5 --include_path="C:/ti/ccs1281/ccs/ccs_base/msp430/include" --include_path="C:/Users/evanm/OneDrive/Desktop/Github Projects/OSU-Classes/ECE 2560/Quiz6" --include_path="C:/ti/ccs1281/ccs/tools/compiler/ti-cgt-msp430_21.6.1.LTS/include" --advice:power=all --advice:hw_config=all --define=__MSP430FR6989__ --define=_MPU_ENABLE -g --printf_support=minimal --diag_warning=225 --diag_wrap=off --display_error_number --silicon_errata=CPU21 --silicon_errata=CPU22 --silicon_errata=CPU40 --preproc_with_compile --preproc_dependency="main.d_raw"  "../main.asm"
Finished building: "../main.asm"
 
Building target: "Quiz6.out"
Invoking: MSP430 Linker
"C:/ti/ccs1281/ccs/tools/compiler/ti-cgt-msp430_21.6.1.LTS/bin/cl430" -vmspx --code_model=small --data_model=small --use_hw_mpy=F5 --advice:power=all --advice:hw_config=all --define=__MSP430FR6989__ --define=_MPU_ENABLE -g --printf_support=minimal --diag_warning=225 --diag_wrap=off --display_error_number --silicon_errata=CPU21 --silicon_errata=CPU22 --silicon_errata=CPU40 -z -m"Quiz6.map" --heap_size=0 --stack_size=0 --cinit_hold_wdt=on -i"C:/ti/ccs1281/ccs/ccs_base/msp430/include" -i"C:/ti/ccs1281/ccs/ccs_base/msp430/lib/5xx_6xx_FRxx" -i"C:/ti/ccs1281/ccs/ccs_base/msp430/lib/FR59xx" -i"C:/ti/ccs1281/ccs/tools/compiler/ti-cgt-msp430_21.6.1.LTS/lib" -i"C:/ti/ccs1281/ccs/tools/compiler/ti-cgt-msp430_21.6.1.LTS/include" --priority --reread_libs --define=_MPU_ENABLE --diag_wrap=off --display_error_number --warn_sections --xml_link_info="Quiz6_linkInfo.xml" --entry_point=RESET --use_hw_mpy=F5 -o "Quiz6.out" "./main.obj" "../lnk_msp430fr6989.cmd"  -llibmpu_init.a -llibmath.a -llibc.a 
<Linking>
Finished building target: "Quiz6.out"
 

**** Build Finished ****

**** Build of configuration Debug for project Quiz6 ****

"C:\\ti\\ccs1281\\ccs\\utils\\bin\\gmake" -k -j 20 all -O 
 
gmake[1]: 'Quiz6.out' is up to date.

**** Build Finished ****

**** Build of configuration Debug for project Quiz6 ****

"C:\\ti\\ccs1281\\ccs\\utils\\bin\\gmake" -k -j 20 all -O 
 
Building file: "../main.asm"
Invoking: MSP430 Compiler
"C:/ti/ccs1281/ccs/tools/compiler/ti-cgt-msp430_21.6.1.LTS/bin/cl430" -vmspx --code_model=small --data_model=small --use_hw_mpy=F5 --include_path="C:/ti/ccs1281/ccs/ccs_base/msp430/include" --include_path="C:/Users/evanm/OneDrive/Desktop/Github Projects/OSU-Classes/ECE 2560/Quiz6" --include_path="C:/ti/ccs1281/ccs/tools/compiler/ti-cgt-msp430_21.6.1.LTS/include" --advice:power=all --advice:hw_config=all --define=__MSP430FR6989__ --define=_MPU_ENABLE -g --printf_support=minimal --diag_warning=225 --diag_wrap=off --display_error_number --silicon_errata=CPU21 --silicon_errata=CPU22 --silicon_errata=CPU40 --preproc_with_compile --preproc_dependency="main.d_raw"  "../main.asm"
Finished building: "../main.asm"
 
Building target: "Quiz6.out"
Invoking: MSP430 Linker
"C:/ti/ccs1281/ccs/tools/compiler/ti-cgt-msp430_21.6.1.LTS/bin/cl430" -vmspx --code_model=small --data_model=small --use_hw_mpy=F5 --advice:power=all --advice:hw_config=all --define=__MSP430FR6989__ --define=_MPU_ENABLE -g --printf_support=minimal --diag_warning=225 --diag_wrap=off --display_error_number --silicon_errata=CPU21 --silicon_errata=CPU22 --silicon_errata=CPU40 -z -m"Quiz6.map" --heap_size=0 --stack_size=0 --cinit_hold_wdt=on -i"C:/ti/ccs1281/ccs/ccs_base/msp430/include" -i"C:/ti/ccs1281/ccs/ccs_base/msp430/lib/5xx_6xx_FRxx" -i"C:/ti/ccs1281/ccs/ccs_base/msp430/lib/FR59xx" -i"C:/ti/ccs1281/ccs/tools/compiler/ti-cgt-msp430_21.6.1.LTS/lib" -i"C:/ti/ccs1281/ccs/tools/compiler/ti-cgt-msp430_21.6.1.LTS/include" --priority --reread_libs --define=_MPU_ENABLE --diag_wrap=off --display_error_number --warn_sections --xml_link_info="Quiz6_linkInfo.xml" --entry_point=RESET --use_hw_mpy=F5 -o "Quiz6.out" "./main.obj" "../lnk_msp430fr6989.cmd"  -llibmpu_init.a -llibmath.a -llibc.a 
<Linking>
Finished building target: "Quiz6.out"
 

**** Build Finished ****

**** Build of configuration Debug for project Quiz6 ****

"C:\\ti\\ccs1281\\ccs\\utils\\bin\\gmake" -k -j 20 all -O 
 
gmake[1]: 'Quiz6.out' is up to date.

**** Build Finished ****

**** Build of configuration Debug for project Quiz6 ****

"C:\\ti\\ccs1281\\ccs\\utils\\bin\\gmake" -k -j 20 all -O 
 
Building file: "../main.asm"
Invoking: MSP430 Compiler
"C:/ti/ccs1281/ccs/tools/compiler/ti-cgt-msp430_21.6.1.LTS/bin/cl430" -vmspx --code_model=small --data_model=small --use_hw_mpy=F5 --include_path="C:/ti/ccs1281/ccs/ccs_base/msp430/include" --include_path="C:/Users/evanm/OneDrive/Desktop/Github Projects/OSU-Classes/ECE 2560/Quiz6" --include_path="C:/ti/ccs1281/ccs/tools/compiler/ti-cgt-msp430_21.6.1.LTS/include" --advice:power=all --advice:hw_config=all --define=__MSP430FR6989__ --define=_MPU_ENABLE -g --printf_support=minimal --diag_warning=225 --diag_wrap=off --display_error_number --silicon_errata=CPU21 --silicon_errata=CPU22 --silicon_errata=CPU40 --preproc_with_compile --preproc_dependency="main.d_raw"  "../main.asm"
1 Assembly Error, No Assembly Warnings
 
>> Compilation failure
subdir_rules.mk:9: recipe for target 'main.obj' failed
"../main.asm", ERROR!   at EOF: [E0300] The following symbols are undefined:
  P1_ISR
 
Errors in Source - Assembler Aborted
gmake: *** [main.obj] Error 1
gmake: Target 'all' not remade because of errors.

**** Build Finished ****

**** Build of configuration Debug for project ECE2560_Project1 ****

"C:\\ti\\ccs1281\\ccs\\utils\\bin\\gmake" -k -j 20 all -O 
 
gmake[1]: 'ECE2560_Project1.out' is up to date.

**** Build Finished ****

**** Build of configuration Debug for project Quiz6 ****

"C:\\ti\\ccs1281\\ccs\\utils\\bin\\gmake" -k -j 20 all -O 
 
Building file: "../main.asm"
Invoking: MSP430 Compiler
"C:/ti/ccs1281/ccs/tools/compiler/ti-cgt-msp430_21.6.1.LTS/bin/cl430" -vmspx --code_model=small --data_model=small --use_hw_mpy=F5 --include_path="C:/ti/ccs1281/ccs/ccs_base/msp430/include" --include_path="C:/Users/evanm/OneDrive/Desktop/Github Projects/OSU-Classes/ECE 2560/Quiz6" --include_path="C:/ti/ccs1281/ccs/tools/compiler/ti-cgt-msp430_21.6.1.LTS/include" --advice:power=all --advice:hw_config=all --define=__MSP430FR6989__ --define=_MPU_ENABLE -g --printf_support=minimal --diag_warning=225 --diag_wrap=off --display_error_number --silicon_errata=CPU21 --silicon_errata=CPU22 --silicon_errata=CPU40 --preproc_with_compile --preproc_dependency="main.d_raw"  "../main.asm"
1 Assembly Error, No Assembly Warnings
 
>> Compilation failure
subdir_rules.mk:9: recipe for target 'main.obj' failed
"../main.asm", ERROR!   at EOF: [E0300] The following symbols are undefined:
  P1_ISR
 
Errors in Source - Assembler Aborted
gmake: *** [main.obj] Error 1
gmake: Target 'all' not remade because of errors.

**** Build Finished ****

**** Build of configuration Debug for project Quiz6 ****

"C:\\ti\\ccs1281\\ccs\\utils\\bin\\gmake" -k -j 20 all -O 
 
Building file: "../main.asm"
Invoking: MSP430 Compiler
"C:/ti/ccs1281/ccs/tools/compiler/ti-cgt-msp430_21.6.1.LTS/bin/cl430" -vmspx --code_model=small --data_model=small --use_hw_mpy=F5 --include_path="C:/ti/ccs1281/ccs/ccs_base/msp430/include" --include_path="C:/Users/evanm/OneDrive/Desktop/Github Projects/OSU-Classes/ECE 2560/Quiz6" --include_path="C:/ti/ccs1281/ccs/tools/compiler/ti-cgt-msp430_21.6.1.LTS/include" --advice:power=all --advice:hw_config=all --define=__MSP430FR6989__ --define=_MPU_ENABLE -g --printf_support=minimal --diag_warning=225 --diag_wrap=off --display_error_number --silicon_errata=CPU21 --silicon_errata=CPU22 --silicon_errata=CPU40 --preproc_with_compile --preproc_dependency="main.d_raw"  "../main.asm"
1 Assembly Error, No Assembly Warnings
 
>> Compilation failure
subdir_rules.mk:9: recipe for target 'main.obj' failed
"../main.asm", ERROR!   at EOF: [E0300] The following symbols are undefined:
  P1_ISR
 
Errors in Source - Assembler Aborted
gmake: *** [main.obj] Error 1
gmake: Target 'all' not remade because of errors.

**** Build Finished ****

**** Build of configuration Debug for project Quiz6 ****

"C:\\ti\\ccs1281\\ccs\\utils\\bin\\gmake" -k -j 20 all -O 
 
Building file: "../main.asm"
Invoking: MSP430 Compiler
"C:/ti/ccs1281/ccs/tools/compiler/ti-cgt-msp430_21.6.1.LTS/bin/cl430" -vmspx --code_model=small --data_model=small --use_hw_mpy=F5 --include_path="C:/ti/ccs1281/ccs/ccs_base/msp430/include" --include_path="C:/Users/evanm/OneDrive/Desktop/Github Projects/OSU-Classes/ECE 2560/Quiz6" --include_path="C:/ti/ccs1281/ccs/tools/compiler/ti-cgt-msp430_21.6.1.LTS/include" --advice:power=all --advice:hw_config=all --define=__MSP430FR6989__ --define=_MPU_ENABLE -g --printf_support=minimal --diag_warning=225 --diag_wrap=off --display_error_number --silicon_errata=CPU21 --silicon_errata=CPU22 --silicon_errata=CPU40 --preproc_with_compile --preproc_dependency="main.d_raw"  "../main.asm"
Finished building: "../main.asm"
 
Building target: "Quiz6.out"
Invoking: MSP430 Linker
"C:/ti/ccs1281/ccs/tools/compiler/ti-cgt-msp430_21.6.1.LTS/bin/cl430" -vmspx --code_model=small --data_model=small --use_hw_mpy=F5 --advice:power=all --advice:hw_config=all --define=__MSP430FR6989__ --define=_MPU_ENABLE -g --printf_support=minimal --diag_warning=225 --diag_wrap=off --display_error_number --silicon_errata=CPU21 --silicon_errata=CPU22 --silicon_errata=CPU40 -z -m"Quiz6.map" --heap_size=0 --stack_size=0 --cinit_hold_wdt=on -i"C:/ti/ccs1281/ccs/ccs_base/msp430/include" -i"C:/ti/ccs1281/ccs/ccs_base/msp430/lib/5xx_6xx_FRxx" -i"C:/ti/ccs1281/ccs/ccs_base/msp430/lib/FR59xx" -i"C:/ti/ccs1281/ccs/tools/compiler/ti-cgt-msp430_21.6.1.LTS/lib" -i"C:/ti/ccs1281/ccs/tools/compiler/ti-cgt-msp430_21.6.1.LTS/include" --priority --reread_libs --define=_MPU_ENABLE --diag_wrap=off --display_error_number --warn_sections --xml_link_info="Quiz6_linkInfo.xml" --entry_point=RESET --use_hw_mpy=F5 -o "Quiz6.out" "./main.obj" "../lnk_msp430fr6989.cmd"  -llibmpu_init.a -llibmath.a -llibc.a 
<Linking>
Finished building target: "Quiz6.out"
 

**** Build Finished ****

**** Build of configuration Debug for project Quiz6 ****

"C:\\ti\\ccs1281\\ccs\\utils\\bin\\gmake" -k -j 20 all -O 
 
gmake[1]: 'Quiz6.out' is up to date.

**** Build Finished ****

**** Build of configuration Debug for project ECE 2560 Midterm2 ****

"C:\\ti\\ccs1281\\ccs\\utils\\bin\\gmake" -k -j 20 all -O 
 
Building file: "../main.asm"
Invoking: MSP430 Compiler
"C:/ti/ccs1281/ccs/tools/compiler/ti-cgt-msp430_21.6.1.LTS/bin/cl430" -vmspx --code_model=small --data_model=small --use_hw_mpy=F5 --include_path="C:/ti/ccs1281/ccs/ccs_base/msp430/include" --include_path="C:/Users/evanm/OneDrive/Desktop/Github Projects/OSU-Classes/ECE 2560/ECE 2560 Midterm2" --include_path="C:/ti/ccs1281/ccs/tools/compiler/ti-cgt-msp430_21.6.1.LTS/include" --advice:power=all --advice:hw_config=all --define=__MSP430FR6989__ --define=_MPU_ENABLE -g --printf_support=minimal --diag_warning=225 --diag_wrap=off --display_error_number --silicon_errata=CPU21 --silicon_errata=CPU22 --silicon_errata=CPU40 --preproc_with_compile --preproc_dependency="main.d_raw"  "../main.asm"
1 Assembly Error, 1 Assembly Warning
 
>> Compilation failure
subdir_rules.mk:9: recipe for target 'main.obj' failed
"../main.asm", WARNING! at line 93: [W0005] NOP required before set of GIE bit.
				bis.w	#LPM3 + GIE, SR
 
"../main.asm", REMARK   at line 93: [R0001] After symbol substitution the line became:
				bis.w	#((0x0080)+(0x0040)+(0x0010)) + (0x0008), SR
 
"../main.asm", ERROR!   at line 304: [E0002] Illegal mnemonic specified
				jle		show_score			; If score <= hi_score, skip update
 
 
Errors in Source - Assembler Aborted
gmake: *** [main.obj] Error 1
Building file: "../Midterm_2.asm"
Invoking: MSP430 Compiler
"C:/ti/ccs1281/ccs/tools/compiler/ti-cgt-msp430_21.6.1.LTS/bin/cl430" -vmspx --code_model=small --data_model=small --use_hw_mpy=F5 --include_path="C:/ti/ccs1281/ccs/ccs_base/msp430/include" --include_path="C:/Users/evanm/OneDrive/Desktop/Github Projects/OSU-Classes/ECE 2560/ECE 2560 Midterm2" --include_path="C:/ti/ccs1281/ccs/tools/compiler/ti-cgt-msp430_21.6.1.LTS/include" --advice:power=all --advice:hw_config=all --define=__MSP430FR6989__ --define=_MPU_ENABLE -g --printf_support=minimal --diag_warning=225 --diag_wrap=off --display_error_number --silicon_errata=CPU21 --silicon_errata=CPU22 --silicon_errata=CPU40 --preproc_with_compile --preproc_dependency="Midterm_2.d_raw"  "../Midterm_2.asm"
Finished building: "../Midterm_2.asm"
 
gmake: Target 'all' not remade because of errors.

**** Build Finished ****

**** Build of configuration Debug for project ECE 2560 Midterm2 ****

"C:\\ti\\ccs1281\\ccs\\utils\\bin\\gmake" -k -j 20 all -O 
 
Building file: "../main.asm"
Invoking: MSP430 Compiler
"C:/ti/ccs1281/ccs/tools/compiler/ti-cgt-msp430_21.6.1.LTS/bin/cl430" -vmspx --code_model=small --data_model=small --use_hw_mpy=F5 --include_path="C:/ti/ccs1281/ccs/ccs_base/msp430/include" --include_path="C:/Users/evanm/OneDrive/Desktop/Github Projects/OSU-Classes/ECE 2560/ECE 2560 Midterm2" --include_path="C:/ti/ccs1281/ccs/tools/compiler/ti-cgt-msp430_21.6.1.LTS/include" --advice:power=all --advice:hw_config=all --define=__MSP430FR6989__ --define=_MPU_ENABLE -g --printf_support=minimal --diag_warning=225 --diag_wrap=off --display_error_number --silicon_errata=CPU21 --silicon_errata=CPU22 --silicon_errata=CPU40 --preproc_with_compile --preproc_dependency="main.d_raw"  "../main.asm"
1 Assembly Error, 1 Assembly Warning
 
>> Compilation failure
subdir_rules.mk:9: recipe for target 'main.obj' failed
"../main.asm", WARNING! at line 93: [W0005] NOP required before set of GIE bit.
				bis.w	#LPM3 + GIE, SR
 
"../main.asm", REMARK   at line 93: [R0001] After symbol substitution the line became:
				bis.w	#((0x0080)+(0x0040)+(0x0010)) + (0x0008), SR
 
"../main.asm", ERROR!   at line 304: [E0002] Illegal mnemonic specified
				jle		show_score			; If score <= hi_score, skip update
 
 
Errors in Source - Assembler Aborted
gmake: *** [main.obj] Error 1
gmake: Target 'all' not remade because of errors.

**** Build Finished ****

**** Build of configuration Debug for project ECE 2560 Midterm2 ****

"C:\\ti\\ccs1281\\ccs\\utils\\bin\\gmake" -k -j 20 all -O 
 
Building file: "../main.asm"
Invoking: MSP430 Compiler
"C:/ti/ccs1281/ccs/tools/compiler/ti-cgt-msp430_21.6.1.LTS/bin/cl430" -vmspx --code_model=small --data_model=small --use_hw_mpy=F5 --include_path="C:/ti/ccs1281/ccs/ccs_base/msp430/include" --include_path="C:/Users/evanm/OneDrive/Desktop/Github Projects/OSU-Classes/ECE 2560/ECE 2560 Midterm2" --include_path="C:/ti/ccs1281/ccs/tools/compiler/ti-cgt-msp430_21.6.1.LTS/include" --advice:power=all --advice:hw_config=all --define=__MSP430FR6989__ --define=_MPU_ENABLE -g --printf_support=minimal --diag_warning=225 --diag_wrap=off --display_error_number --silicon_errata=CPU21 --silicon_errata=CPU22 --silicon_errata=CPU40 --preproc_with_compile --preproc_dependency="main.d_raw"  "../main.asm"
No Assembly Errors, 2 Assembly Warnings
"../main.asm", WARNING! at line 94: [W0005] NOP required before set of GIE bit.
	            bis.w 	#GIE|LPM3, SR
 
"../main.asm", REMARK   at line 94: [R0001] After symbol substitution the line became:
	            bis.w 	#(0x0008)|((0x0080)+(0x0040)+(0x0010)), SR
 
"../main.asm", WARNING! at line 93: [W0005] NOP required after set or clear of GIE bit.
	            eint
 
Finished building: "../main.asm"
 
Building target: "ECE 2560 Midterm2.out"
Invoking: MSP430 Linker
"C:/ti/ccs1281/ccs/tools/compiler/ti-cgt-msp430_21.6.1.LTS/bin/cl430" -vmspx --code_model=small --data_model=small --use_hw_mpy=F5 --advice:power=all --advice:hw_config=all --define=__MSP430FR6989__ --define=_MPU_ENABLE -g --printf_support=minimal --diag_warning=225 --diag_wrap=off --display_error_number --silicon_errata=CPU21 --silicon_errata=CPU22 --silicon_errata=CPU40 -z -m"ECE 2560 Midterm2.map" --heap_size=0 --stack_size=0 --cinit_hold_wdt=on -i"C:/ti/ccs1281/ccs/ccs_base/msp430/include" -i"C:/ti/ccs1281/ccs/ccs_base/msp430/lib/5xx_6xx_FRxx" -i"C:/ti/ccs1281/ccs/ccs_base/msp430/lib/FR59xx" -i"C:/ti/ccs1281/ccs/tools/compiler/ti-cgt-msp430_21.6.1.LTS/lib" -i"C:/ti/ccs1281/ccs/tools/compiler/ti-cgt-msp430_21.6.1.LTS/include" --priority --reread_libs --define=_MPU_ENABLE --diag_wrap=off --display_error_number --warn_sections --xml_link_info="ECE 2560 Midterm2_linkInfo.xml" --entry_point=RESET --use_hw_mpy=F5 -o "ECE 2560 Midterm2.out" "./Midterm_2.obj" "./main.obj" "../lnk_msp430fr6989.cmd"  -llibmpu_init.a -llibmath.a -llibc.a 
<Linking>
error #10056: symbol "RESET" redefined: first defined in "./Midterm_2.obj"; redefined in "./main.obj"
"../lnk_msp430fr6989.cmd", line 256: error #10099-D: program will not fit into available memory, or the section contains a call site that requires a trampoline that can't be generated for this section. placement with alignment fails for section ".reset" size 0x4.  Available memory ranges:
   RESET        size: 0x2          unused: 0x2          max hole: 0x2       
error #10010: errors encountered during linking; "ECE 2560 Midterm2.out" not built
 
>> Compilation failure
makefile:138: recipe for target 'ECE 2560 Midterm2.out' failed
gmake[1]: *** [ECE 2560 Midterm2.out] Error 1
makefile:134: recipe for target 'all' failed
gmake: *** [all] Error 2

**** Build Finished ****

**** Build of configuration Debug for project ECE 2560 Midterm2 ****

"C:\\ti\\ccs1281\\ccs\\utils\\bin\\gmake" -k -j 20 all -O 
 
Building file: "../main.asm"
Invoking: MSP430 Compiler
"C:/ti/ccs1281/ccs/tools/compiler/ti-cgt-msp430_21.6.1.LTS/bin/cl430" -vmspx --code_model=small --data_model=small --use_hw_mpy=F5 --include_path="C:/ti/ccs1281/ccs/ccs_base/msp430/include" --include_path="C:/Users/evanm/OneDrive/Desktop/Github Projects/OSU-Classes/ECE 2560/ECE 2560 Midterm2" --include_path="C:/ti/ccs1281/ccs/tools/compiler/ti-cgt-msp430_21.6.1.LTS/include" --advice:power=all --advice:hw_config=all --define=__MSP430FR6989__ --define=_MPU_ENABLE -g --printf_support=minimal --diag_warning=225 --diag_wrap=off --display_error_number --silicon_errata=CPU21 --silicon_errata=CPU22 --silicon_errata=CPU40 --preproc_with_compile --preproc_dependency="main.d_raw"  "../main.asm"
No Assembly Errors, 1 Assembly Warning
"../main.asm", WARNING! at line 95: [W0005] NOP required before set of GIE bit.
				bis.w	#LPM3|GIE, SR
 
"../main.asm", REMARK   at line 95: [R0001] After symbol substitution the line became:
				bis.w	#((0x0080)+(0x0040)+(0x0010))|(0x0008), SR
 
Finished building: "../main.asm"
 
Building target: "ECE 2560 Midterm2.out"
Invoking: MSP430 Linker
"C:/ti/ccs1281/ccs/tools/compiler/ti-cgt-msp430_21.6.1.LTS/bin/cl430" -vmspx --code_model=small --data_model=small --use_hw_mpy=F5 --advice:power=all --advice:hw_config=all --define=__MSP430FR6989__ --define=_MPU_ENABLE -g --printf_support=minimal --diag_warning=225 --diag_wrap=off --display_error_number --silicon_errata=CPU21 --silicon_errata=CPU22 --silicon_errata=CPU40 -z -m"ECE 2560 Midterm2.map" --heap_size=0 --stack_size=0 --cinit_hold_wdt=on -i"C:/ti/ccs1281/ccs/ccs_base/msp430/include" -i"C:/ti/ccs1281/ccs/ccs_base/msp430/lib/5xx_6xx_FRxx" -i"C:/ti/ccs1281/ccs/ccs_base/msp430/lib/FR59xx" -i"C:/ti/ccs1281/ccs/tools/compiler/ti-cgt-msp430_21.6.1.LTS/lib" -i"C:/ti/ccs1281/ccs/tools/compiler/ti-cgt-msp430_21.6.1.LTS/include" --priority --reread_libs --define=_MPU_ENABLE --diag_wrap=off --display_error_number --warn_sections --xml_link_info="ECE 2560 Midterm2_linkInfo.xml" --entry_point=RESET --use_hw_mpy=F5 -o "ECE 2560 Midterm2.out" "./Midterm_2.obj" "./main.obj" "../lnk_msp430fr6989.cmd"  -llibmpu_init.a -llibmath.a -llibc.a 
<Linking>
error #10056: symbol "RESET" redefined: first defined in "./Midterm_2.obj"; redefined in "./main.obj"
"../lnk_msp430fr6989.cmd", line 256: error #10099-D: program will not fit into available memory, or the section contains a call site that requires a trampoline that can't be generated for this section. placement with alignment fails for section ".reset" size 0x4.  Available memory ranges:
   RESET        size: 0x2          unused: 0x2          max hole: 0x2       
error #10010: errors encountered during linking; "ECE 2560 Midterm2.out" not built
 
>> Compilation failure
makefile:138: recipe for target 'ECE 2560 Midterm2.out' failed
gmake[1]: *** [ECE 2560 Midterm2.out] Error 1
makefile:134: recipe for target 'all' failed
gmake: *** [all] Error 2

**** Build Finished ****

**** Build of configuration Debug for project ECE 2560 Midterm2 ****

"C:\\ti\\ccs1281\\ccs\\utils\\bin\\gmake" -k -j 20 all -O 
 
Building file: "../main.asm"
Invoking: MSP430 Compiler
"C:/ti/ccs1281/ccs/tools/compiler/ti-cgt-msp430_21.6.1.LTS/bin/cl430" -vmspx --code_model=small --data_model=small --use_hw_mpy=F5 --include_path="C:/ti/ccs1281/ccs/ccs_base/msp430/include" --include_path="C:/Users/evanm/OneDrive/Desktop/Github Projects/OSU-Classes/ECE 2560/ECE 2560 Midterm2" --include_path="C:/ti/ccs1281/ccs/tools/compiler/ti-cgt-msp430_21.6.1.LTS/include" --advice:power=all --advice:hw_config=all --define=__MSP430FR6989__ --define=_MPU_ENABLE -g --printf_support=minimal --diag_warning=225 --diag_wrap=off --display_error_number --silicon_errata=CPU21 --silicon_errata=CPU22 --silicon_errata=CPU40 --preproc_with_compile --preproc_dependency="main.d_raw"  "../main.asm"
No Assembly Errors, 1 Assembly Warning
"../main.asm", WARNING! at line 95: [W0005] NOP required before set of GIE bit.
				bis.w	#GIE|LPM3, SR
 
"../main.asm", REMARK   at line 95: [R0001] After symbol substitution the line became:
				bis.w	#(0x0008)|((0x0080)+(0x0040)+(0x0010)), SR
 
Finished building: "../main.asm"
 
Building target: "ECE 2560 Midterm2.out"
Invoking: MSP430 Linker
"C:/ti/ccs1281/ccs/tools/compiler/ti-cgt-msp430_21.6.1.LTS/bin/cl430" -vmspx --code_model=small --data_model=small --use_hw_mpy=F5 --advice:power=all --advice:hw_config=all --define=__MSP430FR6989__ --define=_MPU_ENABLE -g --printf_support=minimal --diag_warning=225 --diag_wrap=off --display_error_number --silicon_errata=CPU21 --silicon_errata=CPU22 --silicon_errata=CPU40 -z -m"ECE 2560 Midterm2.map" --heap_size=0 --stack_size=0 --cinit_hold_wdt=on -i"C:/ti/ccs1281/ccs/ccs_base/msp430/include" -i"C:/ti/ccs1281/ccs/ccs_base/msp430/lib/5xx_6xx_FRxx" -i"C:/ti/ccs1281/ccs/ccs_base/msp430/lib/FR59xx" -i"C:/ti/ccs1281/ccs/tools/compiler/ti-cgt-msp430_21.6.1.LTS/lib" -i"C:/ti/ccs1281/ccs/tools/compiler/ti-cgt-msp430_21.6.1.LTS/include" --priority --reread_libs --define=_MPU_ENABLE --diag_wrap=off --display_error_number --warn_sections --xml_link_info="ECE 2560 Midterm2_linkInfo.xml" --entry_point=RESET --use_hw_mpy=F5 -o "ECE 2560 Midterm2.out" "./Midterm_2.obj" "./main.obj" "../lnk_msp430fr6989.cmd"  -llibmpu_init.a -llibmath.a -llibc.a 
<Linking>
error #10056: symbol "RESET" redefined: first defined in "./Midterm_2.obj"; redefined in "./main.obj"
"../lnk_msp430fr6989.cmd", line 256: error #10099-D: program will not fit into available memory, or the section contains a call site that requires a trampoline that can't be generated for this section. placement with alignment fails for section ".reset" size 0x4.  Available memory ranges:
   RESET        size: 0x2          unused: 0x2          max hole: 0x2       
error #10010: errors encountered during linking; "ECE 2560 Midterm2.out" not built
 
>> Compilation failure
makefile:138: recipe for target 'ECE 2560 Midterm2.out' failed
gmake[1]: *** [ECE 2560 Midterm2.out] Error 1
makefile:134: recipe for target 'all' failed
gmake: *** [all] Error 2

**** Build Finished ****

**** Build of configuration Debug for project ECE 2560 Midterm2 ****

"C:\\ti\\ccs1281\\ccs\\utils\\bin\\gmake" -k -j 20 all -O 
 
Building file: "../main.asm"
Invoking: MSP430 Compiler
"C:/ti/ccs1281/ccs/tools/compiler/ti-cgt-msp430_21.6.1.LTS/bin/cl430" -vmspx --code_model=small --data_model=small --use_hw_mpy=F5 --include_path="C:/ti/ccs1281/ccs/ccs_base/msp430/include" --include_path="C:/Users/evanm/OneDrive/Desktop/Github Projects/OSU-Classes/ECE 2560/ECE 2560 Midterm2" --include_path="C:/ti/ccs1281/ccs/tools/compiler/ti-cgt-msp430_21.6.1.LTS/include" --advice:power=all --advice:hw_config=all --define=__MSP430FR6989__ --define=_MPU_ENABLE -g --printf_support=minimal --diag_warning=225 --diag_wrap=off --display_error_number --silicon_errata=CPU21 --silicon_errata=CPU22 --silicon_errata=CPU40 --preproc_with_compile --preproc_dependency="main.d_raw"  "../main.asm"
Finished building: "../main.asm"
 
Building target: "ECE 2560 Midterm2.out"
Invoking: MSP430 Linker
"C:/ti/ccs1281/ccs/tools/compiler/ti-cgt-msp430_21.6.1.LTS/bin/cl430" -vmspx --code_model=small --data_model=small --use_hw_mpy=F5 --advice:power=all --advice:hw_config=all --define=__MSP430FR6989__ --define=_MPU_ENABLE -g --printf_support=minimal --diag_warning=225 --diag_wrap=off --display_error_number --silicon_errata=CPU21 --silicon_errata=CPU22 --silicon_errata=CPU40 -z -m"ECE 2560 Midterm2.map" --heap_size=0 --stack_size=0 --cinit_hold_wdt=on -i"C:/ti/ccs1281/ccs/ccs_base/msp430/include" -i"C:/ti/ccs1281/ccs/ccs_base/msp430/lib/5xx_6xx_FRxx" -i"C:/ti/ccs1281/ccs/ccs_base/msp430/lib/FR59xx" -i"C:/ti/ccs1281/ccs/tools/compiler/ti-cgt-msp430_21.6.1.LTS/lib" -i"C:/ti/ccs1281/ccs/tools/compiler/ti-cgt-msp430_21.6.1.LTS/include" --priority --reread_libs --define=_MPU_ENABLE --diag_wrap=off --display_error_number --warn_sections --xml_link_info="ECE 2560 Midterm2_linkInfo.xml" --entry_point=RESET --use_hw_mpy=F5 -o "ECE 2560 Midterm2.out" "./Midterm_2.obj" "./main.obj" "../lnk_msp430fr6989.cmd"  -llibmpu_init.a -llibmath.a -llibc.a 
<Linking>
error #10056: symbol "RESET" redefined: first defined in "./Midterm_2.obj"; redefined in "./main.obj"
"../lnk_msp430fr6989.cmd", line 256: error #10099-D: program will not fit into available memory, or the section contains a call site that requires a trampoline that can't be generated for this section. placement with alignment fails for section ".reset" size 0x4.  Available memory ranges:
   RESET        size: 0x2          unused: 0x2          max hole: 0x2       
error #10010: errors encountered during linking; "ECE 2560 Midterm2.out" not built
 
>> Compilation failure
makefile:138: recipe for target 'ECE 2560 Midterm2.out' failed
gmake[1]: *** [ECE 2560 Midterm2.out] Error 1
makefile:134: recipe for target 'all' failed
gmake: *** [all] Error 2

**** Build Finished ****

**** Build of configuration Debug for project ECE 2560 Midterm2 ****

"C:\\ti\\ccs1281\\ccs\\utils\\bin\\gmake" -k -j 20 all -O 
 
Building target: "ECE 2560 Midterm2.out"
Invoking: MSP430 Linker
"C:/ti/ccs1281/ccs/tools/compiler/ti-cgt-msp430_21.6.1.LTS/bin/cl430" -vmspx --code_model=small --data_model=small --use_hw_mpy=F5 --advice:power=all --advice:hw_config=all --define=__MSP430FR6989__ --define=_MPU_ENABLE -g --printf_support=minimal --diag_warning=225 --diag_wrap=off --display_error_number --silicon_errata=CPU21 --silicon_errata=CPU22 --silicon_errata=CPU40 -z -m"ECE 2560 Midterm2.map" --heap_size=0 --stack_size=0 --cinit_hold_wdt=on -i"C:/ti/ccs1281/ccs/ccs_base/msp430/include" -i"C:/ti/ccs1281/ccs/ccs_base/msp430/lib/5xx_6xx_FRxx" -i"C:/ti/ccs1281/ccs/ccs_base/msp430/lib/FR59xx" -i"C:/ti/ccs1281/ccs/tools/compiler/ti-cgt-msp430_21.6.1.LTS/lib" -i"C:/ti/ccs1281/ccs/tools/compiler/ti-cgt-msp430_21.6.1.LTS/include" --priority --reread_libs --define=_MPU_ENABLE --diag_wrap=off --display_error_number --warn_sections --xml_link_info="ECE 2560 Midterm2_linkInfo.xml" --entry_point=RESET --use_hw_mpy=F5 -o "ECE 2560 Midterm2.out" "./main.obj" "../lnk_msp430fr6989.cmd"  -llibmpu_init.a -llibmath.a -llibc.a 
<Linking>
Finished building target: "ECE 2560 Midterm2.out"
 

**** Build Finished ****

**** Build of configuration Debug for project ECE 2560 Midterm2 ****

"C:\\ti\\ccs1281\\ccs\\utils\\bin\\gmake" -k -j 20 all -O 
 
gmake[1]: 'ECE 2560 Midterm2.out' is up to date.

**** Build Finished ****

**** Build of configuration Debug for project ECE 2560 Midterm2 ****

"C:\\ti\\ccs1281\\ccs\\utils\\bin\\gmake" -k -j 20 all -O 
 
gmake[1]: 'ECE 2560 Midterm2.out' is up to date.

**** Build Finished ****

**** Build of configuration Debug for project ECE 2560 Midterm2 ****

"C:\\ti\\ccs1281\\ccs\\utils\\bin\\gmake" -k -j 20 all -O 
 
gmake[1]: 'ECE 2560 Midterm2.out' is up to date.

**** Build Finished ****

**** Build of configuration Debug for project ECE 2560 Midterm2 ****

"C:\\ti\\ccs1281\\ccs\\utils\\bin\\gmake" -k -j 20 all -O 
 
Building file: "../main.asm"
Invoking: MSP430 Compiler
"C:/ti/ccs1281/ccs/tools/compiler/ti-cgt-msp430_21.6.1.LTS/bin/cl430" -vmspx --code_model=small --data_model=small --use_hw_mpy=F5 --include_path="C:/ti/ccs1281/ccs/ccs_base/msp430/include" --include_path="C:/Users/evanm/OneDrive/Desktop/Github Projects/OSU-Classes/ECE 2560/ECE 2560 Midterm2" --include_path="C:/ti/ccs1281/ccs/tools/compiler/ti-cgt-msp430_21.6.1.LTS/include" --advice:power=all --advice:hw_config=all --define=__MSP430FR6989__ --define=_MPU_ENABLE -g --printf_support=minimal --diag_warning=225 --diag_wrap=off --display_error_number --silicon_errata=CPU21 --silicon_errata=CPU22 --silicon_errata=CPU40 --preproc_with_compile --preproc_dependency="main.d_raw"  "../main.asm"
1 Assembly Error, No Assembly Warnings
 
>> Compilation failure
subdir_rules.mk:9: recipe for target 'main.obj' failed
"../main.asm", ERROR!   at EOF: [E0300] The following symbols are undefined:
  PORT1_ISR
  PORT2_ISR
 
Errors in Source - Assembler Aborted
gmake: *** [main.obj] Error 1
gmake: Target 'all' not remade because of errors.

**** Build Finished ****

**** Build of configuration Debug for project ECE 2560 Midterm2 ****

"C:\\ti\\ccs1281\\ccs\\utils\\bin\\gmake" -k -j 20 all -O 
 
Building file: "../main.asm"
Invoking: MSP430 Compiler
"C:/ti/ccs1281/ccs/tools/compiler/ti-cgt-msp430_21.6.1.LTS/bin/cl430" -vmspx --code_model=small --data_model=small --use_hw_mpy=F5 --include_path="C:/ti/ccs1281/ccs/ccs_base/msp430/include" --include_path="C:/Users/evanm/OneDrive/Desktop/Github Projects/OSU-Classes/ECE 2560/ECE 2560 Midterm2" --include_path="C:/ti/ccs1281/ccs/tools/compiler/ti-cgt-msp430_21.6.1.LTS/include" --advice:power=all --advice:hw_config=all --define=__MSP430FR6989__ --define=_MPU_ENABLE -g --printf_support=minimal --diag_warning=225 --diag_wrap=off --display_error_number --silicon_errata=CPU21 --silicon_errata=CPU22 --silicon_errata=CPU40 --preproc_with_compile --preproc_dependency="main.d_raw"  "../main.asm"
No Assembly Errors, 1 Assembly Warning
"../main.asm", WARNING! at line 357: [W5369] Silicon Errata CPU40: A jump instruction at the end of a section should be followed by a NOP.
				jmp		game_master
 
Finished building: "../main.asm"
 
Building target: "ECE 2560 Midterm2.out"
Invoking: MSP430 Linker
"C:/ti/ccs1281/ccs/tools/compiler/ti-cgt-msp430_21.6.1.LTS/bin/cl430" -vmspx --code_model=small --data_model=small --use_hw_mpy=F5 --advice:power=all --advice:hw_config=all --define=__MSP430FR6989__ --define=_MPU_ENABLE -g --printf_support=minimal --diag_warning=225 --diag_wrap=off --display_error_number --silicon_errata=CPU21 --silicon_errata=CPU22 --silicon_errata=CPU40 -z -m"ECE 2560 Midterm2.map" --heap_size=0 --stack_size=0 --cinit_hold_wdt=on -i"C:/ti/ccs1281/ccs/ccs_base/msp430/include" -i"C:/ti/ccs1281/ccs/ccs_base/msp430/lib/5xx_6xx_FRxx" -i"C:/ti/ccs1281/ccs/ccs_base/msp430/lib/FR59xx" -i"C:/ti/ccs1281/ccs/tools/compiler/ti-cgt-msp430_21.6.1.LTS/lib" -i"C:/ti/ccs1281/ccs/tools/compiler/ti-cgt-msp430_21.6.1.LTS/include" --priority --reread_libs --define=_MPU_ENABLE --diag_wrap=off --display_error_number --warn_sections --xml_link_info="ECE 2560 Midterm2_linkInfo.xml" --entry_point=RESET --use_hw_mpy=F5 -o "ECE 2560 Midterm2.out" "./main.obj" "../lnk_msp430fr6989.cmd"  -llibmpu_init.a -llibmath.a -llibc.a 
<Linking>
Finished building target: "ECE 2560 Midterm2.out"
 

**** Build Finished ****

**** Build of configuration Debug for project ECE 2560 Midterm2 ****

"C:\\ti\\ccs1281\\ccs\\utils\\bin\\gmake" -k -j 20 all -O 
 
Building file: "../main.asm"
Invoking: MSP430 Compiler
"C:/ti/ccs1281/ccs/tools/compiler/ti-cgt-msp430_21.6.1.LTS/bin/cl430" -vmspx --code_model=small --data_model=small --use_hw_mpy=F5 --include_path="C:/ti/ccs1281/ccs/ccs_base/msp430/include" --include_path="C:/Users/evanm/OneDrive/Desktop/Github Projects/OSU-Classes/ECE 2560/ECE 2560 Midterm2" --include_path="C:/ti/ccs1281/ccs/tools/compiler/ti-cgt-msp430_21.6.1.LTS/include" --advice:power=all --advice:hw_config=all --define=__MSP430FR6989__ --define=_MPU_ENABLE -g --printf_support=minimal --diag_warning=225 --diag_wrap=off --display_error_number --silicon_errata=CPU21 --silicon_errata=CPU22 --silicon_errata=CPU40 --preproc_with_compile --preproc_dependency="main.d_raw"  "../main.asm"
Finished building: "../main.asm"
 
Building target: "ECE 2560 Midterm2.out"
Invoking: MSP430 Linker
"C:/ti/ccs1281/ccs/tools/compiler/ti-cgt-msp430_21.6.1.LTS/bin/cl430" -vmspx --code_model=small --data_model=small --use_hw_mpy=F5 --advice:power=all --advice:hw_config=all --define=__MSP430FR6989__ --define=_MPU_ENABLE -g --printf_support=minimal --diag_warning=225 --diag_wrap=off --display_error_number --silicon_errata=CPU21 --silicon_errata=CPU22 --silicon_errata=CPU40 -z -m"ECE 2560 Midterm2.map" --heap_size=0 --stack_size=0 --cinit_hold_wdt=on -i"C:/ti/ccs1281/ccs/ccs_base/msp430/include" -i"C:/ti/ccs1281/ccs/ccs_base/msp430/lib/5xx_6xx_FRxx" -i"C:/ti/ccs1281/ccs/ccs_base/msp430/lib/FR59xx" -i"C:/ti/ccs1281/ccs/tools/compiler/ti-cgt-msp430_21.6.1.LTS/lib" -i"C:/ti/ccs1281/ccs/tools/compiler/ti-cgt-msp430_21.6.1.LTS/include" --priority --reread_libs --define=_MPU_ENABLE --diag_wrap=off --display_error_number --warn_sections --xml_link_info="ECE 2560 Midterm2_linkInfo.xml" --entry_point=RESET --use_hw_mpy=F5 -o "ECE 2560 Midterm2.out" "./main.obj" "../lnk_msp430fr6989.cmd"  -llibmpu_init.a -llibmath.a -llibc.a 
<Linking>
Finished building target: "ECE 2560 Midterm2.out"
 

**** Build Finished ****

**** Build of configuration Debug for project ECE 2560 Midterm2 ****

"C:\\ti\\ccs1281\\ccs\\utils\\bin\\gmake" -k -j 20 all -O 
 
gmake[1]: 'ECE 2560 Midterm2.out' is up to date.

**** Build Finished ****

**** Build of configuration Debug for project ECE 2560 Midterm2 ****

"C:\\ti\\ccs1281\\ccs\\utils\\bin\\gmake" -k -j 20 all -O 
 
Building file: "../main.asm"
Invoking: MSP430 Compiler
"C:/ti/ccs1281/ccs/tools/compiler/ti-cgt-msp430_21.6.1.LTS/bin/cl430" -vmspx --code_model=small --data_model=small --use_hw_mpy=F5 --include_path="C:/ti/ccs1281/ccs/ccs_base/msp430/include" --include_path="C:/Users/evanm/OneDrive/Desktop/Github Projects/OSU-Classes/ECE 2560/ECE 2560 Midterm2" --include_path="C:/ti/ccs1281/ccs/tools/compiler/ti-cgt-msp430_21.6.1.LTS/include" --advice:power=all --advice:hw_config=all --define=__MSP430FR6989__ --define=_MPU_ENABLE -g --printf_support=minimal --diag_warning=225 --diag_wrap=off --display_error_number --silicon_errata=CPU21 --silicon_errata=CPU22 --silicon_errata=CPU40 --preproc_with_compile --preproc_dependency="main.d_raw"  "../main.asm"
No Assembly Errors, 1 Assembly Warning
"../main.asm", WARNING! at line 355: [W5369] Silicon Errata CPU40: A jump instruction at the end of a section should be followed by a NOP.
				jmp		game_master
 
Finished building: "../main.asm"
 
Building target: "ECE 2560 Midterm2.out"
Invoking: MSP430 Linker
"C:/ti/ccs1281/ccs/tools/compiler/ti-cgt-msp430_21.6.1.LTS/bin/cl430" -vmspx --code_model=small --data_model=small --use_hw_mpy=F5 --advice:power=all --advice:hw_config=all --define=__MSP430FR6989__ --define=_MPU_ENABLE -g --printf_support=minimal --diag_warning=225 --diag_wrap=off --display_error_number --silicon_errata=CPU21 --silicon_errata=CPU22 --silicon_errata=CPU40 -z -m"ECE 2560 Midterm2.map" --heap_size=0 --stack_size=0 --cinit_hold_wdt=on -i"C:/ti/ccs1281/ccs/ccs_base/msp430/include" -i"C:/ti/ccs1281/ccs/ccs_base/msp430/lib/5xx_6xx_FRxx" -i"C:/ti/ccs1281/ccs/ccs_base/msp430/lib/FR59xx" -i"C:/ti/ccs1281/ccs/tools/compiler/ti-cgt-msp430_21.6.1.LTS/lib" -i"C:/ti/ccs1281/ccs/tools/compiler/ti-cgt-msp430_21.6.1.LTS/include" --priority --reread_libs --define=_MPU_ENABLE --diag_wrap=off --display_error_number --warn_sections --xml_link_info="ECE 2560 Midterm2_linkInfo.xml" --entry_point=RESET --use_hw_mpy=F5 -o "ECE 2560 Midterm2.out" "./main.obj" "../lnk_msp430fr6989.cmd"  -llibmpu_init.a -llibmath.a -llibc.a 
<Linking>
Finished building target: "ECE 2560 Midterm2.out"
 

**** Build Finished ****

**** Build of configuration Debug for project ECE 2560 Midterm2 ****

"C:\\ti\\ccs1281\\ccs\\utils\\bin\\gmake" -k -j 20 all -O 
 
Building file: "../main.asm"
Invoking: MSP430 Compiler
"C:/ti/ccs1281/ccs/tools/compiler/ti-cgt-msp430_21.6.1.LTS/bin/cl430" -vmspx --code_model=small --data_model=small --use_hw_mpy=F5 --include_path="C:/ti/ccs1281/ccs/ccs_base/msp430/include" --include_path="C:/Users/evanm/OneDrive/Desktop/Github Projects/OSU-Classes/ECE 2560/ECE 2560 Midterm2" --include_path="C:/ti/ccs1281/ccs/tools/compiler/ti-cgt-msp430_21.6.1.LTS/include" --advice:power=all --advice:hw_config=all --define=__MSP430FR6989__ --define=_MPU_ENABLE -g --printf_support=minimal --diag_warning=225 --diag_wrap=off --display_error_number --silicon_errata=CPU21 --silicon_errata=CPU22 --silicon_errata=CPU40 --preproc_with_compile --preproc_dependency="main.d_raw"  "../main.asm"
Finished building: "../main.asm"
 
Building target: "ECE 2560 Midterm2.out"
Invoking: MSP430 Linker
"C:/ti/ccs1281/ccs/tools/compiler/ti-cgt-msp430_21.6.1.LTS/bin/cl430" -vmspx --code_model=small --data_model=small --use_hw_mpy=F5 --advice:power=all --advice:hw_config=all --define=__MSP430FR6989__ --define=_MPU_ENABLE -g --printf_support=minimal --diag_warning=225 --diag_wrap=off --display_error_number --silicon_errata=CPU21 --silicon_errata=CPU22 --silicon_errata=CPU40 -z -m"ECE 2560 Midterm2.map" --heap_size=0 --stack_size=0 --cinit_hold_wdt=on -i"C:/ti/ccs1281/ccs/ccs_base/msp430/include" -i"C:/ti/ccs1281/ccs/ccs_base/msp430/lib/5xx_6xx_FRxx" -i"C:/ti/ccs1281/ccs/ccs_base/msp430/lib/FR59xx" -i"C:/ti/ccs1281/ccs/tools/compiler/ti-cgt-msp430_21.6.1.LTS/lib" -i"C:/ti/ccs1281/ccs/tools/compiler/ti-cgt-msp430_21.6.1.LTS/include" --priority --reread_libs --define=_MPU_ENABLE --diag_wrap=off --display_error_number --warn_sections --xml_link_info="ECE 2560 Midterm2_linkInfo.xml" --entry_point=RESET --use_hw_mpy=F5 -o "ECE 2560 Midterm2.out" "./main.obj" "../lnk_msp430fr6989.cmd"  -llibmpu_init.a -llibmath.a -llibc.a 
<Linking>
Finished building target: "ECE 2560 Midterm2.out"
 

**** Build Finished ****

**** Build of configuration Debug for project ECE 2560 Midterm2 ****

"C:\\ti\\ccs1281\\ccs\\utils\\bin\\gmake" -k -j 20 all -O 
 
gmake[1]: 'ECE 2560 Midterm2.out' is up to date.

**** Build Finished ****

**** Build of configuration Debug for project Quiz6 ****

"C:\\ti\\ccs1281\\ccs\\utils\\bin\\gmake" -k -j 20 all -O 
 
Building file: "../main.asm"
Invoking: MSP430 Compiler
"C:/ti/ccs1281/ccs/tools/compiler/ti-cgt-msp430_21.6.1.LTS/bin/cl430" -vmspx --code_model=small --data_model=small --use_hw_mpy=F5 --include_path="C:/ti/ccs1281/ccs/ccs_base/msp430/include" --include_path="C:/Users/evanm/OneDrive/Desktop/Github Projects/OSU-Classes/ECE 2560/Quiz6" --include_path="C:/ti/ccs1281/ccs/tools/compiler/ti-cgt-msp430_21.6.1.LTS/include" --advice:power=all --advice:hw_config=all --define=__MSP430FR6989__ --define=_MPU_ENABLE -g --printf_support=minimal --diag_warning=225 --diag_wrap=off --display_error_number --silicon_errata=CPU21 --silicon_errata=CPU22 --silicon_errata=CPU40 --preproc_with_compile --preproc_dependency="main.d_raw"  "../main.asm"
Finished building: "../main.asm"
 
Building target: "Quiz6.out"
Invoking: MSP430 Linker
"C:/ti/ccs1281/ccs/tools/compiler/ti-cgt-msp430_21.6.1.LTS/bin/cl430" -vmspx --code_model=small --data_model=small --use_hw_mpy=F5 --advice:power=all --advice:hw_config=all --define=__MSP430FR6989__ --define=_MPU_ENABLE -g --printf_support=minimal --diag_warning=225 --diag_wrap=off --display_error_number --silicon_errata=CPU21 --silicon_errata=CPU22 --silicon_errata=CPU40 -z -m"Quiz6.map" --heap_size=0 --stack_size=0 --cinit_hold_wdt=on -i"C:/ti/ccs1281/ccs/ccs_base/msp430/include" -i"C:/ti/ccs1281/ccs/ccs_base/msp430/lib/5xx_6xx_FRxx" -i"C:/ti/ccs1281/ccs/ccs_base/msp430/lib/FR59xx" -i"C:/ti/ccs1281/ccs/tools/compiler/ti-cgt-msp430_21.6.1.LTS/lib" -i"C:/ti/ccs1281/ccs/tools/compiler/ti-cgt-msp430_21.6.1.LTS/include" --priority --reread_libs --define=_MPU_ENABLE --diag_wrap=off --display_error_number --warn_sections --xml_link_info="Quiz6_linkInfo.xml" --entry_point=RESET --use_hw_mpy=F5 -o "Quiz6.out" "./main.obj" "../lnk_msp430fr6989.cmd"  -llibmpu_init.a -llibmath.a -llibc.a 
<Linking>
Finished building target: "Quiz6.out"
 

**** Build Finished ****

**** Build of configuration Debug for project Quiz6 ****

"C:\\ti\\ccs1281\\ccs\\utils\\bin\\gmake" -k -j 20 all -O 
 
gmake[1]: 'Quiz6.out' is up to date.

**** Build Finished ****

**** Build of configuration Debug for project ECE 2560 Midterm2 ****

"C:\\ti\\ccs1281\\ccs\\utils\\bin\\gmake" -k -j 20 all -O 
 
Building file: "../main.asm"
Invoking: MSP430 Compiler
"C:/ti/ccs1281/ccs/tools/compiler/ti-cgt-msp430_21.6.1.LTS/bin/cl430" -vmspx --code_model=small --data_model=small --use_hw_mpy=F5 --include_path="C:/ti/ccs1281/ccs/ccs_base/msp430/include" --include_path="C:/Users/evanm/OneDrive/Desktop/Github Projects/OSU-Classes/ECE 2560/ECE 2560 Midterm2" --include_path="C:/ti/ccs1281/ccs/tools/compiler/ti-cgt-msp430_21.6.1.LTS/include" --advice:power=all --advice:hw_config=all --define=__MSP430FR6989__ --define=_MPU_ENABLE -g --printf_support=minimal --diag_warning=225 --diag_wrap=off --display_error_number --silicon_errata=CPU21 --silicon_errata=CPU22 --silicon_errata=CPU40 --preproc_with_compile --preproc_dependency="main.d_raw"  "../main.asm"
Finished building: "../main.asm"
 
Building target: "ECE 2560 Midterm2.out"
Invoking: MSP430 Linker
"C:/ti/ccs1281/ccs/tools/compiler/ti-cgt-msp430_21.6.1.LTS/bin/cl430" -vmspx --code_model=small --data_model=small --use_hw_mpy=F5 --advice:power=all --advice:hw_config=all --define=__MSP430FR6989__ --define=_MPU_ENABLE -g --printf_support=minimal --diag_warning=225 --diag_wrap=off --display_error_number --silicon_errata=CPU21 --silicon_errata=CPU22 --silicon_errata=CPU40 -z -m"ECE 2560 Midterm2.map" --heap_size=0 --stack_size=0 --cinit_hold_wdt=on -i"C:/ti/ccs1281/ccs/ccs_base/msp430/include" -i"C:/ti/ccs1281/ccs/ccs_base/msp430/lib/5xx_6xx_FRxx" -i"C:/ti/ccs1281/ccs/ccs_base/msp430/lib/FR59xx" -i"C:/ti/ccs1281/ccs/tools/compiler/ti-cgt-msp430_21.6.1.LTS/lib" -i"C:/ti/ccs1281/ccs/tools/compiler/ti-cgt-msp430_21.6.1.LTS/include" --priority --reread_libs --define=_MPU_ENABLE --diag_wrap=off --display_error_number --warn_sections --xml_link_info="ECE 2560 Midterm2_linkInfo.xml" --entry_point=RESET --use_hw_mpy=F5 -o "ECE 2560 Midterm2.out" "./main.obj" "../lnk_msp430fr6989.cmd"  -llibmpu_init.a -llibmath.a -llibc.a 
<Linking>
Finished building target: "ECE 2560 Midterm2.out"
 

**** Build Finished ****

**** Build of configuration Debug for project ECE 2560 Midterm2 ****

"C:\\ti\\ccs1281\\ccs\\utils\\bin\\gmake" -k -j 20 all -O 
 
gmake[1]: 'ECE 2560 Midterm2.out' is up to date.

**** Build Finished ****

**** Build of configuration Debug for project ECE 2560 Midterm2 ****

"C:\\ti\\ccs1281\\ccs\\utils\\bin\\gmake" -k -j 20 all -O 
 
Building file: "../main.asm"
Invoking: MSP430 Compiler
"C:/ti/ccs1281/ccs/tools/compiler/ti-cgt-msp430_21.6.1.LTS/bin/cl430" -vmspx --code_model=small --data_model=small --use_hw_mpy=F5 --include_path="C:/ti/ccs1281/ccs/ccs_base/msp430/include" --include_path="C:/Users/evanm/OneDrive/Desktop/Github Projects/OSU-Classes/ECE 2560/ECE 2560 Midterm2" --include_path="C:/ti/ccs1281/ccs/tools/compiler/ti-cgt-msp430_21.6.1.LTS/include" --advice:power=all --advice:hw_config=all --define=__MSP430FR6989__ --define=_MPU_ENABLE -g --printf_support=minimal --diag_warning=225 --diag_wrap=off --display_error_number --silicon_errata=CPU21 --silicon_errata=CPU22 --silicon_errata=CPU40 --preproc_with_compile --preproc_dependency="main.d_raw"  "../main.asm"
Finished building: "../main.asm"
 
Building target: "ECE 2560 Midterm2.out"
Invoking: MSP430 Linker
"C:/ti/ccs1281/ccs/tools/compiler/ti-cgt-msp430_21.6.1.LTS/bin/cl430" -vmspx --code_model=small --data_model=small --use_hw_mpy=F5 --advice:power=all --advice:hw_config=all --define=__MSP430FR6989__ --define=_MPU_ENABLE -g --printf_support=minimal --diag_warning=225 --diag_wrap=off --display_error_number --silicon_errata=CPU21 --silicon_errata=CPU22 --silicon_errata=CPU40 -z -m"ECE 2560 Midterm2.map" --heap_size=0 --stack_size=0 --cinit_hold_wdt=on -i"C:/ti/ccs1281/ccs/ccs_base/msp430/include" -i"C:/ti/ccs1281/ccs/ccs_base/msp430/lib/5xx_6xx_FRxx" -i"C:/ti/ccs1281/ccs/ccs_base/msp430/lib/FR59xx" -i"C:/ti/ccs1281/ccs/tools/compiler/ti-cgt-msp430_21.6.1.LTS/lib" -i"C:/ti/ccs1281/ccs/tools/compiler/ti-cgt-msp430_21.6.1.LTS/include" --priority --reread_libs --define=_MPU_ENABLE --diag_wrap=off --display_error_number --warn_sections --xml_link_info="ECE 2560 Midterm2_linkInfo.xml" --entry_point=RESET --use_hw_mpy=F5 -o "ECE 2560 Midterm2.out" "./main.obj" "../lnk_msp430fr6989.cmd"  -llibmpu_init.a -llibmath.a -llibc.a 
<Linking>
Finished building target: "ECE 2560 Midterm2.out"
 

**** Build Finished ****

**** Build of configuration Debug for project ECE 2560 Midterm2 ****

"C:\\ti\\ccs1281\\ccs\\utils\\bin\\gmake" -k -j 20 all -O 
 
gmake[1]: 'ECE 2560 Midterm2.out' is up to date.

**** Build Finished ****

**** Build of configuration Debug for project ECE 2560 Midterm2 ****

"C:\\ti\\ccs1281\\ccs\\utils\\bin\\gmake" -k -j 20 all -O 
 
Building file: "../main.asm"
Invoking: MSP430 Compiler
"C:/ti/ccs1281/ccs/tools/compiler/ti-cgt-msp430_21.6.1.LTS/bin/cl430" -vmspx --code_model=small --data_model=small --use_hw_mpy=F5 --include_path="C:/ti/ccs1281/ccs/ccs_base/msp430/include" --include_path="C:/Users/evanm/OneDrive/Desktop/Github Projects/OSU-Classes/ECE 2560/ECE 2560 Midterm2" --include_path="C:/ti/ccs1281/ccs/tools/compiler/ti-cgt-msp430_21.6.1.LTS/include" --advice:power=all --advice:hw_config=all --define=__MSP430FR6989__ --define=_MPU_ENABLE -g --printf_support=minimal --diag_warning=225 --diag_wrap=off --display_error_number --silicon_errata=CPU21 --silicon_errata=CPU22 --silicon_errata=CPU40 --preproc_with_compile --preproc_dependency="main.d_raw"  "../main.asm"
Finished building: "../main.asm"
 
Building target: "ECE 2560 Midterm2.out"
Invoking: MSP430 Linker
"C:/ti/ccs1281/ccs/tools/compiler/ti-cgt-msp430_21.6.1.LTS/bin/cl430" -vmspx --code_model=small --data_model=small --use_hw_mpy=F5 --advice:power=all --advice:hw_config=all --define=__MSP430FR6989__ --define=_MPU_ENABLE -g --printf_support=minimal --diag_warning=225 --diag_wrap=off --display_error_number --silicon_errata=CPU21 --silicon_errata=CPU22 --silicon_errata=CPU40 -z -m"ECE 2560 Midterm2.map" --heap_size=0 --stack_size=0 --cinit_hold_wdt=on -i"C:/ti/ccs1281/ccs/ccs_base/msp430/include" -i"C:/ti/ccs1281/ccs/ccs_base/msp430/lib/5xx_6xx_FRxx" -i"C:/ti/ccs1281/ccs/ccs_base/msp430/lib/FR59xx" -i"C:/ti/ccs1281/ccs/tools/compiler/ti-cgt-msp430_21.6.1.LTS/lib" -i"C:/ti/ccs1281/ccs/tools/compiler/ti-cgt-msp430_21.6.1.LTS/include" --priority --reread_libs --define=_MPU_ENABLE --diag_wrap=off --display_error_number --warn_sections --xml_link_info="ECE 2560 Midterm2_linkInfo.xml" --entry_point=RESET --use_hw_mpy=F5 -o "ECE 2560 Midterm2.out" "./main.obj" "../lnk_msp430fr6989.cmd"  -llibmpu_init.a -llibmath.a -llibc.a 
<Linking>
Finished building target: "ECE 2560 Midterm2.out"
 

**** Build Finished ****

**** Build of configuration Debug for project ECE 2560 Midterm2 ****

"C:\\ti\\ccs1281\\ccs\\utils\\bin\\gmake" -k -j 20 all -O 
 
gmake[1]: 'ECE 2560 Midterm2.out' is up to date.

**** Build Finished ****

**** Build of configuration Debug for project ECE 2560 Midterm2 ****

"C:\\ti\\ccs1281\\ccs\\utils\\bin\\gmake" -k -j 20 all -O 
 
Building file: "../main.asm"
Invoking: MSP430 Compiler
"C:/ti/ccs1281/ccs/tools/compiler/ti-cgt-msp430_21.6.1.LTS/bin/cl430" -vmspx --code_model=small --data_model=small --use_hw_mpy=F5 --include_path="C:/ti/ccs1281/ccs/ccs_base/msp430/include" --include_path="C:/Users/evanm/OneDrive/Desktop/Github Projects/OSU-Classes/ECE 2560/ECE 2560 Midterm2" --include_path="C:/ti/ccs1281/ccs/tools/compiler/ti-cgt-msp430_21.6.1.LTS/include" --advice:power=all --advice:hw_config=all --define=__MSP430FR6989__ --define=_MPU_ENABLE -g --printf_support=minimal --diag_warning=225 --diag_wrap=off --display_error_number --silicon_errata=CPU21 --silicon_errata=CPU22 --silicon_errata=CPU40 --preproc_with_compile --preproc_dependency="main.d_raw"  "../main.asm"
Finished building: "../main.asm"
 
Building target: "ECE 2560 Midterm2.out"
Invoking: MSP430 Linker
"C:/ti/ccs1281/ccs/tools/compiler/ti-cgt-msp430_21.6.1.LTS/bin/cl430" -vmspx --code_model=small --data_model=small --use_hw_mpy=F5 --advice:power=all --advice:hw_config=all --define=__MSP430FR6989__ --define=_MPU_ENABLE -g --printf_support=minimal --diag_warning=225 --diag_wrap=off --display_error_number --silicon_errata=CPU21 --silicon_errata=CPU22 --silicon_errata=CPU40 -z -m"ECE 2560 Midterm2.map" --heap_size=0 --stack_size=0 --cinit_hold_wdt=on -i"C:/ti/ccs1281/ccs/ccs_base/msp430/include" -i"C:/ti/ccs1281/ccs/ccs_base/msp430/lib/5xx_6xx_FRxx" -i"C:/ti/ccs1281/ccs/ccs_base/msp430/lib/FR59xx" -i"C:/ti/ccs1281/ccs/tools/compiler/ti-cgt-msp430_21.6.1.LTS/lib" -i"C:/ti/ccs1281/ccs/tools/compiler/ti-cgt-msp430_21.6.1.LTS/include" --priority --reread_libs --define=_MPU_ENABLE --diag_wrap=off --display_error_number --warn_sections --xml_link_info="ECE 2560 Midterm2_linkInfo.xml" --entry_point=RESET --use_hw_mpy=F5 -o "ECE 2560 Midterm2.out" "./main.obj" "../lnk_msp430fr6989.cmd"  -llibmpu_init.a -llibmath.a -llibc.a 
<Linking>
Finished building target: "ECE 2560 Midterm2.out"
 

**** Build Finished ****

**** Build of configuration Debug for project ECE 2560 Midterm2 ****

"C:\\ti\\ccs1281\\ccs\\utils\\bin\\gmake" -k -j 20 all -O 
 
gmake[1]: 'ECE 2560 Midterm2.out' is up to date.

**** Build Finished ****

**** Build of configuration Debug for project ECE 2560 Midterm2 ****

"C:\\ti\\ccs1281\\ccs\\utils\\bin\\gmake" -k -j 20 all -O 
 
Building file: "../main.asm"
Invoking: MSP430 Compiler
"C:/ti/ccs1281/ccs/tools/compiler/ti-cgt-msp430_21.6.1.LTS/bin/cl430" -vmspx --code_model=small --data_model=small --use_hw_mpy=F5 --include_path="C:/ti/ccs1281/ccs/ccs_base/msp430/include" --include_path="C:/Users/evanm/OneDrive/Desktop/Github Projects/OSU-Classes/ECE 2560/ECE 2560 Midterm2" --include_path="C:/ti/ccs1281/ccs/tools/compiler/ti-cgt-msp430_21.6.1.LTS/include" --advice:power=all --advice:hw_config=all --define=__MSP430FR6989__ --define=_MPU_ENABLE -g --printf_support=minimal --diag_warning=225 --diag_wrap=off --display_error_number --silicon_errata=CPU21 --silicon_errata=CPU22 --silicon_errata=CPU40 --preproc_with_compile --preproc_dependency="main.d_raw"  "../main.asm"
Finished building: "../main.asm"
 
Building target: "ECE 2560 Midterm2.out"
Invoking: MSP430 Linker
"C:/ti/ccs1281/ccs/tools/compiler/ti-cgt-msp430_21.6.1.LTS/bin/cl430" -vmspx --code_model=small --data_model=small --use_hw_mpy=F5 --advice:power=all --advice:hw_config=all --define=__MSP430FR6989__ --define=_MPU_ENABLE -g --printf_support=minimal --diag_warning=225 --diag_wrap=off --display_error_number --silicon_errata=CPU21 --silicon_errata=CPU22 --silicon_errata=CPU40 -z -m"ECE 2560 Midterm2.map" --heap_size=0 --stack_size=0 --cinit_hold_wdt=on -i"C:/ti/ccs1281/ccs/ccs_base/msp430/include" -i"C:/ti/ccs1281/ccs/ccs_base/msp430/lib/5xx_6xx_FRxx" -i"C:/ti/ccs1281/ccs/ccs_base/msp430/lib/FR59xx" -i"C:/ti/ccs1281/ccs/tools/compiler/ti-cgt-msp430_21.6.1.LTS/lib" -i"C:/ti/ccs1281/ccs/tools/compiler/ti-cgt-msp430_21.6.1.LTS/include" --priority --reread_libs --define=_MPU_ENABLE --diag_wrap=off --display_error_number --warn_sections --xml_link_info="ECE 2560 Midterm2_linkInfo.xml" --entry_point=RESET --use_hw_mpy=F5 -o "ECE 2560 Midterm2.out" "./main.obj" "../lnk_msp430fr6989.cmd"  -llibmpu_init.a -llibmath.a -llibc.a 
<Linking>
Finished building target: "ECE 2560 Midterm2.out"
 

**** Build Finished ****

**** Build of configuration Debug for project ECE 2560 Midterm2 ****

"C:\\ti\\ccs1281\\ccs\\utils\\bin\\gmake" -k -j 20 all -O 
 
gmake[1]: 'ECE 2560 Midterm2.out' is up to date.

**** Build Finished ****

**** Build of configuration Debug for project ECE 2560 Midterm2 ****

"C:\\ti\\ccs1281\\ccs\\utils\\bin\\gmake" -k -j 20 all -O 
 
Building file: "../main.asm"
Invoking: MSP430 Compiler
"C:/ti/ccs1281/ccs/tools/compiler/ti-cgt-msp430_21.6.1.LTS/bin/cl430" -vmspx --code_model=small --data_model=small --use_hw_mpy=F5 --include_path="C:/ti/ccs1281/ccs/ccs_base/msp430/include" --include_path="C:/Users/evanm/OneDrive/Desktop/Github Projects/OSU-Classes/ECE 2560/ECE 2560 Midterm2" --include_path="C:/ti/ccs1281/ccs/tools/compiler/ti-cgt-msp430_21.6.1.LTS/include" --advice:power=all --advice:hw_config=all --define=__MSP430FR6989__ --define=_MPU_ENABLE -g --printf_support=minimal --diag_warning=225 --diag_wrap=off --display_error_number --silicon_errata=CPU21 --silicon_errata=CPU22 --silicon_errata=CPU40 --preproc_with_compile --preproc_dependency="main.d_raw"  "../main.asm"
Finished building: "../main.asm"
 
Building target: "ECE 2560 Midterm2.out"
Invoking: MSP430 Linker
"C:/ti/ccs1281/ccs/tools/compiler/ti-cgt-msp430_21.6.1.LTS/bin/cl430" -vmspx --code_model=small --data_model=small --use_hw_mpy=F5 --advice:power=all --advice:hw_config=all --define=__MSP430FR6989__ --define=_MPU_ENABLE -g --printf_support=minimal --diag_warning=225 --diag_wrap=off --display_error_number --silicon_errata=CPU21 --silicon_errata=CPU22 --silicon_errata=CPU40 -z -m"ECE 2560 Midterm2.map" --heap_size=0 --stack_size=0 --cinit_hold_wdt=on -i"C:/ti/ccs1281/ccs/ccs_base/msp430/include" -i"C:/ti/ccs1281/ccs/ccs_base/msp430/lib/5xx_6xx_FRxx" -i"C:/ti/ccs1281/ccs/ccs_base/msp430/lib/FR59xx" -i"C:/ti/ccs1281/ccs/tools/compiler/ti-cgt-msp430_21.6.1.LTS/lib" -i"C:/ti/ccs1281/ccs/tools/compiler/ti-cgt-msp430_21.6.1.LTS/include" --priority --reread_libs --define=_MPU_ENABLE --diag_wrap=off --display_error_number --warn_sections --xml_link_info="ECE 2560 Midterm2_linkInfo.xml" --entry_point=RESET --use_hw_mpy=F5 -o "ECE 2560 Midterm2.out" "./main.obj" "../lnk_msp430fr6989.cmd"  -llibmpu_init.a -llibmath.a -llibc.a 
<Linking>
Finished building target: "ECE 2560 Midterm2.out"
 

**** Build Finished ****

**** Build of configuration Debug for project ECE 2560 Midterm2 ****

"C:\\ti\\ccs1281\\ccs\\utils\\bin\\gmake" -k -j 20 all -O 
 
gmake[1]: 'ECE 2560 Midterm2.out' is up to date.

**** Build Finished ****

**** Build of configuration Debug for project ECE 2560 Midterm2 ****

"C:\\ti\\ccs1281\\ccs\\utils\\bin\\gmake" -k -j 20 all -O 
 
Building file: "../main.asm"
Invoking: MSP430 Compiler
"C:/ti/ccs1281/ccs/tools/compiler/ti-cgt-msp430_21.6.1.LTS/bin/cl430" -vmspx --code_model=small --data_model=small --use_hw_mpy=F5 --include_path="C:/ti/ccs1281/ccs/ccs_base/msp430/include" --include_path="C:/Users/evanm/OneDrive/Desktop/Github Projects/OSU-Classes/ECE 2560/ECE 2560 Midterm2" --include_path="C:/ti/ccs1281/ccs/tools/compiler/ti-cgt-msp430_21.6.1.LTS/include" --advice:power=all --advice:hw_config=all --define=__MSP430FR6989__ --define=_MPU_ENABLE -g --printf_support=minimal --diag_warning=225 --diag_wrap=off --display_error_number --silicon_errata=CPU21 --silicon_errata=CPU22 --silicon_errata=CPU40 --preproc_with_compile --preproc_dependency="main.d_raw"  "../main.asm"
Finished building: "../main.asm"
 
Building target: "ECE 2560 Midterm2.out"
Invoking: MSP430 Linker
"C:/ti/ccs1281/ccs/tools/compiler/ti-cgt-msp430_21.6.1.LTS/bin/cl430" -vmspx --code_model=small --data_model=small --use_hw_mpy=F5 --advice:power=all --advice:hw_config=all --define=__MSP430FR6989__ --define=_MPU_ENABLE -g --printf_support=minimal --diag_warning=225 --diag_wrap=off --display_error_number --silicon_errata=CPU21 --silicon_errata=CPU22 --silicon_errata=CPU40 -z -m"ECE 2560 Midterm2.map" --heap_size=0 --stack_size=0 --cinit_hold_wdt=on -i"C:/ti/ccs1281/ccs/ccs_base/msp430/include" -i"C:/ti/ccs1281/ccs/ccs_base/msp430/lib/5xx_6xx_FRxx" -i"C:/ti/ccs1281/ccs/ccs_base/msp430/lib/FR59xx" -i"C:/ti/ccs1281/ccs/tools/compiler/ti-cgt-msp430_21.6.1.LTS/lib" -i"C:/ti/ccs1281/ccs/tools/compiler/ti-cgt-msp430_21.6.1.LTS/include" --priority --reread_libs --define=_MPU_ENABLE --diag_wrap=off --display_error_number --warn_sections --xml_link_info="ECE 2560 Midterm2_linkInfo.xml" --entry_point=RESET --use_hw_mpy=F5 -o "ECE 2560 Midterm2.out" "./main.obj" "../lnk_msp430fr6989.cmd"  -llibmpu_init.a -llibmath.a -llibc.a 
<Linking>
Finished building target: "ECE 2560 Midterm2.out"
 

**** Build Finished ****

**** Build of configuration Debug for project ECE 2560 Midterm2 ****

"C:\\ti\\ccs1281\\ccs\\utils\\bin\\gmake" -k -j 20 all -O 
 
Building file: "../main.asm"
Invoking: MSP430 Compiler
"C:/ti/ccs1281/ccs/tools/compiler/ti-cgt-msp430_21.6.1.LTS/bin/cl430" -vmspx --code_model=small --data_model=small --use_hw_mpy=F5 --include_path="C:/ti/ccs1281/ccs/ccs_base/msp430/include" --include_path="C:/Users/evanm/OneDrive/Desktop/Github Projects/OSU-Classes/ECE 2560/ECE 2560 Midterm2" --include_path="C:/ti/ccs1281/ccs/tools/compiler/ti-cgt-msp430_21.6.1.LTS/include" --advice:power=all --advice:hw_config=all --define=__MSP430FR6989__ --define=_MPU_ENABLE -g --printf_support=minimal --diag_warning=225 --diag_wrap=off --display_error_number --silicon_errata=CPU21 --silicon_errata=CPU22 --silicon_errata=CPU40 --preproc_with_compile --preproc_dependency="main.d_raw"  "../main.asm"
Finished building: "../main.asm"
 
Building target: "ECE 2560 Midterm2.out"
Invoking: MSP430 Linker
"C:/ti/ccs1281/ccs/tools/compiler/ti-cgt-msp430_21.6.1.LTS/bin/cl430" -vmspx --code_model=small --data_model=small --use_hw_mpy=F5 --advice:power=all --advice:hw_config=all --define=__MSP430FR6989__ --define=_MPU_ENABLE -g --printf_support=minimal --diag_warning=225 --diag_wrap=off --display_error_number --silicon_errata=CPU21 --silicon_errata=CPU22 --silicon_errata=CPU40 -z -m"ECE 2560 Midterm2.map" --heap_size=0 --stack_size=0 --cinit_hold_wdt=on -i"C:/ti/ccs1281/ccs/ccs_base/msp430/include" -i"C:/ti/ccs1281/ccs/ccs_base/msp430/lib/5xx_6xx_FRxx" -i"C:/ti/ccs1281/ccs/ccs_base/msp430/lib/FR59xx" -i"C:/ti/ccs1281/ccs/tools/compiler/ti-cgt-msp430_21.6.1.LTS/lib" -i"C:/ti/ccs1281/ccs/tools/compiler/ti-cgt-msp430_21.6.1.LTS/include" --priority --reread_libs --define=_MPU_ENABLE --diag_wrap=off --display_error_number --warn_sections --xml_link_info="ECE 2560 Midterm2_linkInfo.xml" --entry_point=RESET --use_hw_mpy=F5 -o "ECE 2560 Midterm2.out" "./main.obj" "../lnk_msp430fr6989.cmd"  -llibmpu_init.a -llibmath.a -llibc.a 
<Linking>
Finished building target: "ECE 2560 Midterm2.out"
 

**** Build Finished ****

**** Build of configuration Debug for project ECE 2560 Midterm2 ****

"C:\\ti\\ccs1281\\ccs\\utils\\bin\\gmake" -k -j 20 all -O 
 
gmake[1]: 'ECE 2560 Midterm2.out' is up to date.

**** Build Finished ****

**** Build of configuration Debug for project ECE 2560 Midterm2 ****

"C:\\ti\\ccs1281\\ccs\\utils\\bin\\gmake" -k -j 20 all -O 
 
Building file: "../main.asm"
Invoking: MSP430 Compiler
"C:/ti/ccs1281/ccs/tools/compiler/ti-cgt-msp430_21.6.1.LTS/bin/cl430" -vmspx --code_model=small --data_model=small --use_hw_mpy=F5 --include_path="C:/ti/ccs1281/ccs/ccs_base/msp430/include" --include_path="C:/Users/evanm/OneDrive/Desktop/Github Projects/OSU-Classes/ECE 2560/ECE 2560 Midterm2" --include_path="C:/ti/ccs1281/ccs/tools/compiler/ti-cgt-msp430_21.6.1.LTS/include" --advice:power=all --advice:hw_config=all --define=__MSP430FR6989__ --define=_MPU_ENABLE -g --printf_support=minimal --diag_warning=225 --diag_wrap=off --display_error_number --silicon_errata=CPU21 --silicon_errata=CPU22 --silicon_errata=CPU40 --preproc_with_compile --preproc_dependency="main.d_raw"  "../main.asm"
Finished building: "../main.asm"
 
Building target: "ECE 2560 Midterm2.out"
Invoking: MSP430 Linker
"C:/ti/ccs1281/ccs/tools/compiler/ti-cgt-msp430_21.6.1.LTS/bin/cl430" -vmspx --code_model=small --data_model=small --use_hw_mpy=F5 --advice:power=all --advice:hw_config=all --define=__MSP430FR6989__ --define=_MPU_ENABLE -g --printf_support=minimal --diag_warning=225 --diag_wrap=off --display_error_number --silicon_errata=CPU21 --silicon_errata=CPU22 --silicon_errata=CPU40 -z -m"ECE 2560 Midterm2.map" --heap_size=0 --stack_size=0 --cinit_hold_wdt=on -i"C:/ti/ccs1281/ccs/ccs_base/msp430/include" -i"C:/ti/ccs1281/ccs/ccs_base/msp430/lib/5xx_6xx_FRxx" -i"C:/ti/ccs1281/ccs/ccs_base/msp430/lib/FR59xx" -i"C:/ti/ccs1281/ccs/tools/compiler/ti-cgt-msp430_21.6.1.LTS/lib" -i"C:/ti/ccs1281/ccs/tools/compiler/ti-cgt-msp430_21.6.1.LTS/include" --priority --reread_libs --define=_MPU_ENABLE --diag_wrap=off --display_error_number --warn_sections --xml_link_info="ECE 2560 Midterm2_linkInfo.xml" --entry_point=RESET --use_hw_mpy=F5 -o "ECE 2560 Midterm2.out" "./main.obj" "../lnk_msp430fr6989.cmd"  -llibmpu_init.a -llibmath.a -llibc.a 
<Linking>
Finished building target: "ECE 2560 Midterm2.out"
 

**** Build Finished ****

**** Build of configuration Debug for project ECE 2560 Midterm2 ****

"C:\\ti\\ccs1281\\ccs\\utils\\bin\\gmake" -k -j 20 all -O 
 
gmake[1]: 'ECE 2560 Midterm2.out' is up to date.

**** Build Finished ****

**** Build of configuration Debug for project ECE 2560 Midterm2 ****

"C:\\ti\\ccs1281\\ccs\\utils\\bin\\gmake" -k -j 20 all -O 
 
Building file: "../main.asm"
Invoking: MSP430 Compiler
"C:/ti/ccs1281/ccs/tools/compiler/ti-cgt-msp430_21.6.1.LTS/bin/cl430" -vmspx --code_model=small --data_model=small --use_hw_mpy=F5 --include_path="C:/ti/ccs1281/ccs/ccs_base/msp430/include" --include_path="C:/Users/evanm/OneDrive/Desktop/Github Projects/OSU-Classes/ECE 2560/ECE 2560 Midterm2" --include_path="C:/ti/ccs1281/ccs/tools/compiler/ti-cgt-msp430_21.6.1.LTS/include" --advice:power=all --advice:hw_config=all --define=__MSP430FR6989__ --define=_MPU_ENABLE -g --printf_support=minimal --diag_warning=225 --diag_wrap=off --display_error_number --silicon_errata=CPU21 --silicon_errata=CPU22 --silicon_errata=CPU40 --preproc_with_compile --preproc_dependency="main.d_raw"  "../main.asm"
Finished building: "../main.asm"
 
Building target: "ECE 2560 Midterm2.out"
Invoking: MSP430 Linker
"C:/ti/ccs1281/ccs/tools/compiler/ti-cgt-msp430_21.6.1.LTS/bin/cl430" -vmspx --code_model=small --data_model=small --use_hw_mpy=F5 --advice:power=all --advice:hw_config=all --define=__MSP430FR6989__ --define=_MPU_ENABLE -g --printf_support=minimal --diag_warning=225 --diag_wrap=off --display_error_number --silicon_errata=CPU21 --silicon_errata=CPU22 --silicon_errata=CPU40 -z -m"ECE 2560 Midterm2.map" --heap_size=0 --stack_size=0 --cinit_hold_wdt=on -i"C:/ti/ccs1281/ccs/ccs_base/msp430/include" -i"C:/ti/ccs1281/ccs/ccs_base/msp430/lib/5xx_6xx_FRxx" -i"C:/ti/ccs1281/ccs/ccs_base/msp430/lib/FR59xx" -i"C:/ti/ccs1281/ccs/tools/compiler/ti-cgt-msp430_21.6.1.LTS/lib" -i"C:/ti/ccs1281/ccs/tools/compiler/ti-cgt-msp430_21.6.1.LTS/include" --priority --reread_libs --define=_MPU_ENABLE --diag_wrap=off --display_error_number --warn_sections --xml_link_info="ECE 2560 Midterm2_linkInfo.xml" --entry_point=RESET --use_hw_mpy=F5 -o "ECE 2560 Midterm2.out" "./main.obj" "../lnk_msp430fr6989.cmd"  -llibmpu_init.a -llibmath.a -llibc.a 
<Linking>
Finished building target: "ECE 2560 Midterm2.out"
 

**** Build Finished ****

**** Build of configuration Debug for project ECE 2560 Midterm2 ****

"C:\\ti\\ccs1281\\ccs\\utils\\bin\\gmake" -k -j 20 all -O 
 
gmake[1]: 'ECE 2560 Midterm2.out' is up to date.

**** Build Finished ****

**** Build of configuration Debug for project Midterm2_extra ****

"C:\\ti\\ccs1281\\ccs\\utils\\bin\\gmake" -k -j 20 all -O 
 
Building file: "../main.asm"
Invoking: MSP430 Compiler
"C:/ti/ccs1281/ccs/tools/compiler/ti-cgt-msp430_21.6.1.LTS/bin/cl430" -vmspx --code_model=small --data_model=small --use_hw_mpy=F5 --include_path="C:/ti/ccs1281/ccs/ccs_base/msp430/include" --include_path="C:/Users/evanm/OneDrive/Desktop/Github Projects/OSU-Classes/ECE 2560/Midterm2_extra" --include_path="C:/ti/ccs1281/ccs/tools/compiler/ti-cgt-msp430_21.6.1.LTS/include" --advice:power=all --advice:hw_config=all --define=__MSP430FR6989__ --define=_MPU_ENABLE -g --printf_support=minimal --diag_warning=225 --diag_wrap=off --display_error_number --silicon_errata=CPU21 --silicon_errata=CPU22 --silicon_errata=CPU40 --preproc_with_compile --preproc_dependency="main.d_raw"  "../main.asm"
Finished building: "../main.asm"
 
Building target: "Midterm2_extra.out"
Invoking: MSP430 Linker
"C:/ti/ccs1281/ccs/tools/compiler/ti-cgt-msp430_21.6.1.LTS/bin/cl430" -vmspx --code_model=small --data_model=small --use_hw_mpy=F5 --advice:power=all --advice:hw_config=all --define=__MSP430FR6989__ --define=_MPU_ENABLE -g --printf_support=minimal --diag_warning=225 --diag_wrap=off --display_error_number --silicon_errata=CPU21 --silicon_errata=CPU22 --silicon_errata=CPU40 -z -m"Midterm2_extra.map" --heap_size=0 --stack_size=0 --cinit_hold_wdt=on -i"C:/ti/ccs1281/ccs/ccs_base/msp430/include" -i"C:/ti/ccs1281/ccs/ccs_base/msp430/lib/5xx_6xx_FRxx" -i"C:/ti/ccs1281/ccs/ccs_base/msp430/lib/FR59xx" -i"C:/ti/ccs1281/ccs/tools/compiler/ti-cgt-msp430_21.6.1.LTS/lib" -i"C:/ti/ccs1281/ccs/tools/compiler/ti-cgt-msp430_21.6.1.LTS/include" --priority --reread_libs --define=_MPU_ENABLE --diag_wrap=off --display_error_number --warn_sections --xml_link_info="Midterm2_extra_linkInfo.xml" --entry_point=RESET --use_hw_mpy=F5 -o "Midterm2_extra.out" "./main.obj" "../lnk_msp430fr6989.cmd"  -llibmpu_init.a -llibmath.a -llibc.a 
<Linking>
Finished building target: "Midterm2_extra.out"
 

**** Build Finished ****

**** Build of configuration Debug for project Midterm2_extra ****

"C:\\ti\\ccs1281\\ccs\\utils\\bin\\gmake" -k -j 20 all -O 
 
gmake[1]: 'Midterm2_extra.out' is up to date.

**** Build Finished ****

**** Build of configuration Debug for project ECE 2560 Midterm2 ****

"C:\\ti\\ccs1281\\ccs\\utils\\bin\\gmake" -k -j 20 all -O 
 
gmake[1]: 'ECE 2560 Midterm2.out' is up to date.

**** Build Finished ****

**** Build of configuration Debug for project ECE 2560 Midterm2 ****

"C:\\ti\\ccs1281\\ccs\\utils\\bin\\gmake" -k -j 20 all -O 
 
gmake[1]: 'ECE 2560 Midterm2.out' is up to date.

**** Build Finished ****

**** Build of configuration Debug for project ECE 2560 Midterm2 ****

"C:\\ti\\ccs1281\\ccs\\utils\\bin\\gmake" -k -j 20 all -O 
 
gmake[1]: 'ECE 2560 Midterm2.out' is up to date.

**** Build Finished ****

**** Build of configuration Debug for project ECE 2560 Midterm2 ****

"C:\\ti\\ccs1281\\ccs\\utils\\bin\\gmake" -k -j 20 all -O 
 
gmake[1]: 'ECE 2560 Midterm2.out' is up to date.

**** Build Finished ****

**** Build of configuration Debug for project Final ****

"C:\\ti\\ccs1281\\ccs\\utils\\bin\\gmake" -k -j 20 all -O 
 
Building file: "../main.asm"
Invoking: MSP430 Compiler
"C:/ti/ccs1281/ccs/tools/compiler/ti-cgt-msp430_21.6.1.LTS/bin/cl430" -vmspx --code_model=small --data_model=small --use_hw_mpy=F5 --include_path="C:/ti/ccs1281/ccs/ccs_base/msp430/include" --include_path="C:/Users/evanm/OneDrive/Desktop/Github Projects/OSU-Classes/ECE 2560/Final" --include_path="C:/ti/ccs1281/ccs/tools/compiler/ti-cgt-msp430_21.6.1.LTS/include" --advice:power=all --advice:hw_config=all --define=__MSP430FR6989__ --define=_MPU_ENABLE -g --printf_support=minimal --diag_warning=225 --diag_wrap=off --display_error_number --silicon_errata=CPU21 --silicon_errata=CPU22 --silicon_errata=CPU40 --preproc_with_compile --preproc_dependency="main.d_raw"  "../main.asm"
Finished building: "../main.asm"
 
Building target: "Final.out"
Invoking: MSP430 Linker
"C:/ti/ccs1281/ccs/tools/compiler/ti-cgt-msp430_21.6.1.LTS/bin/cl430" -vmspx --code_model=small --data_model=small --use_hw_mpy=F5 --advice:power=all --advice:hw_config=all --define=__MSP430FR6989__ --define=_MPU_ENABLE -g --printf_support=minimal --diag_warning=225 --diag_wrap=off --display_error_number --silicon_errata=CPU21 --silicon_errata=CPU22 --silicon_errata=CPU40 -z -m"Final.map" --heap_size=0 --stack_size=0 --cinit_hold_wdt=on -i"C:/ti/ccs1281/ccs/ccs_base/msp430/include" -i"C:/ti/ccs1281/ccs/ccs_base/msp430/lib/5xx_6xx_FRxx" -i"C:/ti/ccs1281/ccs/ccs_base/msp430/lib/FR59xx" -i"C:/ti/ccs1281/ccs/tools/compiler/ti-cgt-msp430_21.6.1.LTS/lib" -i"C:/ti/ccs1281/ccs/tools/compiler/ti-cgt-msp430_21.6.1.LTS/include" --priority --reread_libs --define=_MPU_ENABLE --diag_wrap=off --display_error_number --warn_sections --xml_link_info="Final_linkInfo.xml" --entry_point=RESET --use_hw_mpy=F5 -o "Final.out" "./main.obj" "../lnk_msp430fr6989.cmd"  -llibmpu_init.a -llibmath.a -llibc.a 
<Linking>
Finished building target: "Final.out"
 

**** Build Finished ****

**** Build of configuration Debug for project Final ****

"C:\\ti\\ccs1281\\ccs\\utils\\bin\\gmake" -k -j 20 all -O 
 
gmake[1]: 'Final.out' is up to date.

**** Build Finished ****

**** Build of configuration Debug for project Final ****

"C:\\ti\\ccs1281\\ccs\\utils\\bin\\gmake" -k -j 20 all -O 
 
Building file: "../main.asm"
Invoking: MSP430 Compiler
"C:/ti/ccs1281/ccs/tools/compiler/ti-cgt-msp430_21.6.1.LTS/bin/cl430" -vmspx --code_model=small --data_model=small --use_hw_mpy=F5 --include_path="C:/ti/ccs1281/ccs/ccs_base/msp430/include" --include_path="C:/Users/evanm/OneDrive/Desktop/Github Projects/OSU-Classes/ECE 2560/Final" --include_path="C:/ti/ccs1281/ccs/tools/compiler/ti-cgt-msp430_21.6.1.LTS/include" --advice:power=all --advice:hw_config=all --define=__MSP430FR6989__ --define=_MPU_ENABLE -g --printf_support=minimal --diag_warning=225 --diag_wrap=off --display_error_number --silicon_errata=CPU21 --silicon_errata=CPU22 --silicon_errata=CPU40 --preproc_with_compile --preproc_dependency="main.d_raw"  "../main.asm"
Finished building: "../main.asm"
 
Building target: "Final.out"
Invoking: MSP430 Linker
"C:/ti/ccs1281/ccs/tools/compiler/ti-cgt-msp430_21.6.1.LTS/bin/cl430" -vmspx --code_model=small --data_model=small --use_hw_mpy=F5 --advice:power=all --advice:hw_config=all --define=__MSP430FR6989__ --define=_MPU_ENABLE -g --printf_support=minimal --diag_warning=225 --diag_wrap=off --display_error_number --silicon_errata=CPU21 --silicon_errata=CPU22 --silicon_errata=CPU40 -z -m"Final.map" --heap_size=0 --stack_size=0 --cinit_hold_wdt=on -i"C:/ti/ccs1281/ccs/ccs_base/msp430/include" -i"C:/ti/ccs1281/ccs/ccs_base/msp430/lib/5xx_6xx_FRxx" -i"C:/ti/ccs1281/ccs/ccs_base/msp430/lib/FR59xx" -i"C:/ti/ccs1281/ccs/tools/compiler/ti-cgt-msp430_21.6.1.LTS/lib" -i"C:/ti/ccs1281/ccs/tools/compiler/ti-cgt-msp430_21.6.1.LTS/include" --priority --reread_libs --define=_MPU_ENABLE --diag_wrap=off --display_error_number --warn_sections --xml_link_info="Final_linkInfo.xml" --entry_point=RESET --use_hw_mpy=F5 -o "Final.out" "./main.obj" "../lnk_msp430fr6989.cmd"  -llibmpu_init.a -llibmath.a -llibc.a 
<Linking>
Finished building target: "Final.out"
 

**** Build Finished ****

**** Build of configuration Debug for project Final ****

"C:\\ti\\ccs1281\\ccs\\utils\\bin\\gmake" -k -j 20 all -O 
 
gmake[1]: 'Final.out' is up to date.

**** Build Finished ****

**** Build of configuration Debug for project Final ****

"C:\\ti\\ccs1281\\ccs\\utils\\bin\\gmake" -k -j 20 all -O 
 
Building file: "../main.asm"
Invoking: MSP430 Compiler
"C:/ti/ccs1281/ccs/tools/compiler/ti-cgt-msp430_21.6.1.LTS/bin/cl430" -vmspx --code_model=small --data_model=small --use_hw_mpy=F5 --include_path="C:/ti/ccs1281/ccs/ccs_base/msp430/include" --include_path="C:/Users/evanm/OneDrive/Desktop/Github Projects/OSU-Classes/ECE 2560/Final" --include_path="C:/ti/ccs1281/ccs/tools/compiler/ti-cgt-msp430_21.6.1.LTS/include" --advice:power=all --advice:hw_config=all --define=__MSP430FR6989__ --define=_MPU_ENABLE -g --printf_support=minimal --diag_warning=225 --diag_wrap=off --display_error_number --silicon_errata=CPU21 --silicon_errata=CPU22 --silicon_errata=CPU40 --preproc_with_compile --preproc_dependency="main.d_raw"  "../main.asm"
Finished building: "../main.asm"
 
Building target: "Final.out"
Invoking: MSP430 Linker
"C:/ti/ccs1281/ccs/tools/compiler/ti-cgt-msp430_21.6.1.LTS/bin/cl430" -vmspx --code_model=small --data_model=small --use_hw_mpy=F5 --advice:power=all --advice:hw_config=all --define=__MSP430FR6989__ --define=_MPU_ENABLE -g --printf_support=minimal --diag_warning=225 --diag_wrap=off --display_error_number --silicon_errata=CPU21 --silicon_errata=CPU22 --silicon_errata=CPU40 -z -m"Final.map" --heap_size=0 --stack_size=0 --cinit_hold_wdt=on -i"C:/ti/ccs1281/ccs/ccs_base/msp430/include" -i"C:/ti/ccs1281/ccs/ccs_base/msp430/lib/5xx_6xx_FRxx" -i"C:/ti/ccs1281/ccs/ccs_base/msp430/lib/FR59xx" -i"C:/ti/ccs1281/ccs/tools/compiler/ti-cgt-msp430_21.6.1.LTS/lib" -i"C:/ti/ccs1281/ccs/tools/compiler/ti-cgt-msp430_21.6.1.LTS/include" --priority --reread_libs --define=_MPU_ENABLE --diag_wrap=off --display_error_number --warn_sections --xml_link_info="Final_linkInfo.xml" --entry_point=RESET --use_hw_mpy=F5 -o "Final.out" "./main.obj" "../lnk_msp430fr6989.cmd"  -llibmpu_init.a -llibmath.a -llibc.a 
<Linking>
Finished building target: "Final.out"
 

**** Build Finished ****

**** Build of configuration Debug for project Final ****

"C:\\ti\\ccs1281\\ccs\\utils\\bin\\gmake" -k -j 20 all -O 
 
gmake[1]: 'Final.out' is up to date.

**** Build Finished ****

**** Build of configuration Debug for project Final ****

"C:\\ti\\ccs1281\\ccs\\utils\\bin\\gmake" -k -j 20 all -O 
 
Building file: "../main.asm"
Invoking: MSP430 Compiler
"C:/ti/ccs1281/ccs/tools/compiler/ti-cgt-msp430_21.6.1.LTS/bin/cl430" -vmspx --code_model=small --data_model=small --use_hw_mpy=F5 --include_path="C:/ti/ccs1281/ccs/ccs_base/msp430/include" --include_path="C:/Users/evanm/OneDrive/Desktop/Github Projects/OSU-Classes/ECE 2560/Final" --include_path="C:/ti/ccs1281/ccs/tools/compiler/ti-cgt-msp430_21.6.1.LTS/include" --advice:power=all --advice:hw_config=all --define=__MSP430FR6989__ --define=_MPU_ENABLE -g --printf_support=minimal --diag_warning=225 --diag_wrap=off --display_error_number --silicon_errata=CPU21 --silicon_errata=CPU22 --silicon_errata=CPU40 --preproc_with_compile --preproc_dependency="main.d_raw"  "../main.asm"
Finished building: "../main.asm"
 
Building target: "Final.out"
Invoking: MSP430 Linker
"C:/ti/ccs1281/ccs/tools/compiler/ti-cgt-msp430_21.6.1.LTS/bin/cl430" -vmspx --code_model=small --data_model=small --use_hw_mpy=F5 --advice:power=all --advice:hw_config=all --define=__MSP430FR6989__ --define=_MPU_ENABLE -g --printf_support=minimal --diag_warning=225 --diag_wrap=off --display_error_number --silicon_errata=CPU21 --silicon_errata=CPU22 --silicon_errata=CPU40 -z -m"Final.map" --heap_size=0 --stack_size=0 --cinit_hold_wdt=on -i"C:/ti/ccs1281/ccs/ccs_base/msp430/include" -i"C:/ti/ccs1281/ccs/ccs_base/msp430/lib/5xx_6xx_FRxx" -i"C:/ti/ccs1281/ccs/ccs_base/msp430/lib/FR59xx" -i"C:/ti/ccs1281/ccs/tools/compiler/ti-cgt-msp430_21.6.1.LTS/lib" -i"C:/ti/ccs1281/ccs/tools/compiler/ti-cgt-msp430_21.6.1.LTS/include" --priority --reread_libs --define=_MPU_ENABLE --diag_wrap=off --display_error_number --warn_sections --xml_link_info="Final_linkInfo.xml" --entry_point=RESET --use_hw_mpy=F5 -o "Final.out" "./main.obj" "../lnk_msp430fr6989.cmd"  -llibmpu_init.a -llibmath.a -llibc.a 
<Linking>
Finished building target: "Final.out"
 

**** Build Finished ****

**** Build of configuration Debug for project Final ****

"C:\\ti\\ccs1281\\ccs\\utils\\bin\\gmake" -k -j 20 all -O 
 
gmake[1]: 'Final.out' is up to date.

**** Build Finished ****

**** Build of configuration Debug for project Final ****

"C:\\ti\\ccs1281\\ccs\\utils\\bin\\gmake" -k -j 20 all -O 
 
Building file: "../main.asm"
Invoking: MSP430 Compiler
"C:/ti/ccs1281/ccs/tools/compiler/ti-cgt-msp430_21.6.1.LTS/bin/cl430" -vmspx --code_model=small --data_model=small --use_hw_mpy=F5 --include_path="C:/ti/ccs1281/ccs/ccs_base/msp430/include" --include_path="C:/Users/evanm/OneDrive/Desktop/Github Projects/OSU-Classes/ECE 2560/Final" --include_path="C:/ti/ccs1281/ccs/tools/compiler/ti-cgt-msp430_21.6.1.LTS/include" --advice:power=all --advice:hw_config=all --define=__MSP430FR6989__ --define=_MPU_ENABLE -g --printf_support=minimal --diag_warning=225 --diag_wrap=off --display_error_number --silicon_errata=CPU21 --silicon_errata=CPU22 --silicon_errata=CPU40 --preproc_with_compile --preproc_dependency="main.d_raw"  "../main.asm"
Finished building: "../main.asm"
 
Building target: "Final.out"
Invoking: MSP430 Linker
"C:/ti/ccs1281/ccs/tools/compiler/ti-cgt-msp430_21.6.1.LTS/bin/cl430" -vmspx --code_model=small --data_model=small --use_hw_mpy=F5 --advice:power=all --advice:hw_config=all --define=__MSP430FR6989__ --define=_MPU_ENABLE -g --printf_support=minimal --diag_warning=225 --diag_wrap=off --display_error_number --silicon_errata=CPU21 --silicon_errata=CPU22 --silicon_errata=CPU40 -z -m"Final.map" --heap_size=0 --stack_size=0 --cinit_hold_wdt=on -i"C:/ti/ccs1281/ccs/ccs_base/msp430/include" -i"C:/ti/ccs1281/ccs/ccs_base/msp430/lib/5xx_6xx_FRxx" -i"C:/ti/ccs1281/ccs/ccs_base/msp430/lib/FR59xx" -i"C:/ti/ccs1281/ccs/tools/compiler/ti-cgt-msp430_21.6.1.LTS/lib" -i"C:/ti/ccs1281/ccs/tools/compiler/ti-cgt-msp430_21.6.1.LTS/include" --priority --reread_libs --define=_MPU_ENABLE --diag_wrap=off --display_error_number --warn_sections --xml_link_info="Final_linkInfo.xml" --entry_point=RESET --use_hw_mpy=F5 -o "Final.out" "./main.obj" "../lnk_msp430fr6989.cmd"  -llibmpu_init.a -llibmath.a -llibc.a 
<Linking>
Finished building target: "Final.out"
 

**** Build Finished ****

**** Build of configuration Debug for project Final ****

"C:\\ti\\ccs1281\\ccs\\utils\\bin\\gmake" -k -j 20 all -O 
 
gmake[1]: 'Final.out' is up to date.

**** Build Finished ****

**** Build of configuration Debug for project Final ****

"C:\\ti\\ccs1281\\ccs\\utils\\bin\\gmake" -k -j 20 all -O 
 
Building file: "../main.asm"
Invoking: MSP430 Compiler
"C:/ti/ccs1281/ccs/tools/compiler/ti-cgt-msp430_21.6.1.LTS/bin/cl430" -vmspx --code_model=small --data_model=small --use_hw_mpy=F5 --include_path="C:/ti/ccs1281/ccs/ccs_base/msp430/include" --include_path="C:/Users/evanm/OneDrive/Desktop/Github Projects/OSU-Classes/ECE 2560/Final" --include_path="C:/ti/ccs1281/ccs/tools/compiler/ti-cgt-msp430_21.6.1.LTS/include" --advice:power=all --advice:hw_config=all --define=__MSP430FR6989__ --define=_MPU_ENABLE -g --printf_support=minimal --diag_warning=225 --diag_wrap=off --display_error_number --silicon_errata=CPU21 --silicon_errata=CPU22 --silicon_errata=CPU40 --preproc_with_compile --preproc_dependency="main.d_raw"  "../main.asm"
Finished building: "../main.asm"
 
Building target: "Final.out"
Invoking: MSP430 Linker
"C:/ti/ccs1281/ccs/tools/compiler/ti-cgt-msp430_21.6.1.LTS/bin/cl430" -vmspx --code_model=small --data_model=small --use_hw_mpy=F5 --advice:power=all --advice:hw_config=all --define=__MSP430FR6989__ --define=_MPU_ENABLE -g --printf_support=minimal --diag_warning=225 --diag_wrap=off --display_error_number --silicon_errata=CPU21 --silicon_errata=CPU22 --silicon_errata=CPU40 -z -m"Final.map" --heap_size=0 --stack_size=0 --cinit_hold_wdt=on -i"C:/ti/ccs1281/ccs/ccs_base/msp430/include" -i"C:/ti/ccs1281/ccs/ccs_base/msp430/lib/5xx_6xx_FRxx" -i"C:/ti/ccs1281/ccs/ccs_base/msp430/lib/FR59xx" -i"C:/ti/ccs1281/ccs/tools/compiler/ti-cgt-msp430_21.6.1.LTS/lib" -i"C:/ti/ccs1281/ccs/tools/compiler/ti-cgt-msp430_21.6.1.LTS/include" --priority --reread_libs --define=_MPU_ENABLE --diag_wrap=off --display_error_number --warn_sections --xml_link_info="Final_linkInfo.xml" --entry_point=RESET --use_hw_mpy=F5 -o "Final.out" "./main.obj" "../lnk_msp430fr6989.cmd"  -llibmpu_init.a -llibmath.a -llibc.a 
<Linking>
Finished building target: "Final.out"
 

**** Build Finished ****

**** Build of configuration Debug for project Final ****

"C:\\ti\\ccs1281\\ccs\\utils\\bin\\gmake" -k -j 20 all -O 
 
gmake[1]: 'Final.out' is up to date.

**** Build Finished ****

**** Build of configuration Debug for project Final ****

"C:\\ti\\ccs1281\\ccs\\utils\\bin\\gmake" -k -j 20 all -O 
 
gmake[1]: 'Final.out' is up to date.

**** Build Finished ****

**** Build of configuration Debug for project Final ****

"C:\\ti\\ccs1281\\ccs\\utils\\bin\\gmake" -k -j 20 all -O 
 
Building file: "../main.asm"
Invoking: MSP430 Compiler
"C:/ti/ccs1281/ccs/tools/compiler/ti-cgt-msp430_21.6.1.LTS/bin/cl430" -vmspx --code_model=small --data_model=small --use_hw_mpy=F5 --include_path="C:/ti/ccs1281/ccs/ccs_base/msp430/include" --include_path="C:/Users/evanm/OneDrive/Desktop/Github Projects/OSU-Classes/ECE 2560/Final" --include_path="C:/ti/ccs1281/ccs/tools/compiler/ti-cgt-msp430_21.6.1.LTS/include" --advice:power=all --advice:hw_config=all --define=__MSP430FR6989__ --define=_MPU_ENABLE -g --printf_support=minimal --diag_warning=225 --diag_wrap=off --display_error_number --silicon_errata=CPU21 --silicon_errata=CPU22 --silicon_errata=CPU40 --preproc_with_compile --preproc_dependency="main.d_raw"  "../main.asm"
Finished building: "../main.asm"
 
Building target: "Final.out"
Invoking: MSP430 Linker
"C:/ti/ccs1281/ccs/tools/compiler/ti-cgt-msp430_21.6.1.LTS/bin/cl430" -vmspx --code_model=small --data_model=small --use_hw_mpy=F5 --advice:power=all --advice:hw_config=all --define=__MSP430FR6989__ --define=_MPU_ENABLE -g --printf_support=minimal --diag_warning=225 --diag_wrap=off --display_error_number --silicon_errata=CPU21 --silicon_errata=CPU22 --silicon_errata=CPU40 -z -m"Final.map" --heap_size=0 --stack_size=0 --cinit_hold_wdt=on -i"C:/ti/ccs1281/ccs/ccs_base/msp430/include" -i"C:/ti/ccs1281/ccs/ccs_base/msp430/lib/5xx_6xx_FRxx" -i"C:/ti/ccs1281/ccs/ccs_base/msp430/lib/FR59xx" -i"C:/ti/ccs1281/ccs/tools/compiler/ti-cgt-msp430_21.6.1.LTS/lib" -i"C:/ti/ccs1281/ccs/tools/compiler/ti-cgt-msp430_21.6.1.LTS/include" --priority --reread_libs --define=_MPU_ENABLE --diag_wrap=off --display_error_number --warn_sections --xml_link_info="Final_linkInfo.xml" --entry_point=RESET --use_hw_mpy=F5 -o "Final.out" "./main.obj" "../lnk_msp430fr6989.cmd"  -llibmpu_init.a -llibmath.a -llibc.a 
<Linking>
Finished building target: "Final.out"
 

**** Build Finished ****

**** Build of configuration Debug for project Final ****

"C:\\ti\\ccs1281\\ccs\\utils\\bin\\gmake" -k -j 20 all -O 
 
gmake[1]: 'Final.out' is up to date.

**** Build Finished ****

**** Build of configuration Debug for project Final ****

"C:\\ti\\ccs1281\\ccs\\utils\\bin\\gmake" -k -j 20 all -O 
 
Building file: "../Final_coding (1).asm"
Invoking: MSP430 Compiler
"C:/ti/ccs1281/ccs/tools/compiler/ti-cgt-msp430_21.6.1.LTS/bin/cl430" -vmspx --code_model=small --data_model=small --use_hw_mpy=F5 --include_path="C:/ti/ccs1281/ccs/ccs_base/msp430/include" --include_path="C:/Users/evanm/OneDrive/Desktop/Github Projects/OSU-Classes/ECE 2560/Final" --include_path="C:/ti/ccs1281/ccs/tools/compiler/ti-cgt-msp430_21.6.1.LTS/include" --advice:power=all --advice:hw_config=all --define=__MSP430FR6989__ --define=_MPU_ENABLE -g --printf_support=minimal --diag_warning=225 --diag_wrap=off --display_error_number --silicon_errata=CPU21 --silicon_errata=CPU22 --silicon_errata=CPU40 --preproc_with_compile --preproc_dependency="Final_coding (1).d_raw"  "../Final_coding (1).asm"
Finished building: "../Final_coding (1).asm"
 
Building file: "../main.asm"
Invoking: MSP430 Compiler
"C:/ti/ccs1281/ccs/tools/compiler/ti-cgt-msp430_21.6.1.LTS/bin/cl430" -vmspx --code_model=small --data_model=small --use_hw_mpy=F5 --include_path="C:/ti/ccs1281/ccs/ccs_base/msp430/include" --include_path="C:/Users/evanm/OneDrive/Desktop/Github Projects/OSU-Classes/ECE 2560/Final" --include_path="C:/ti/ccs1281/ccs/tools/compiler/ti-cgt-msp430_21.6.1.LTS/include" --advice:power=all --advice:hw_config=all --define=__MSP430FR6989__ --define=_MPU_ENABLE -g --printf_support=minimal --diag_warning=225 --diag_wrap=off --display_error_number --silicon_errata=CPU21 --silicon_errata=CPU22 --silicon_errata=CPU40 --preproc_with_compile --preproc_dependency="main.d_raw"  "../main.asm"
Finished building: "../main.asm"
 
Building target: "Final.out"
Invoking: MSP430 Linker
"C:/ti/ccs1281/ccs/tools/compiler/ti-cgt-msp430_21.6.1.LTS/bin/cl430" -vmspx --code_model=small --data_model=small --use_hw_mpy=F5 --advice:power=all --advice:hw_config=all --define=__MSP430FR6989__ --define=_MPU_ENABLE -g --printf_support=minimal --diag_warning=225 --diag_wrap=off --display_error_number --silicon_errata=CPU21 --silicon_errata=CPU22 --silicon_errata=CPU40 -z -m"Final.map" --heap_size=0 --stack_size=0 --cinit_hold_wdt=on -i"C:/ti/ccs1281/ccs/ccs_base/msp430/include" -i"C:/ti/ccs1281/ccs/ccs_base/msp430/lib/5xx_6xx_FRxx" -i"C:/ti/ccs1281/ccs/ccs_base/msp430/lib/FR59xx" -i"C:/ti/ccs1281/ccs/tools/compiler/ti-cgt-msp430_21.6.1.LTS/lib" -i"C:/ti/ccs1281/ccs/tools/compiler/ti-cgt-msp430_21.6.1.LTS/include" --priority --reread_libs --define=_MPU_ENABLE --diag_wrap=off --display_error_number --warn_sections --xml_link_info="Final_linkInfo.xml" --entry_point=RESET --use_hw_mpy=F5 -o "Final.out" "./Final_coding (1).obj" "./main.obj" "../lnk_msp430fr6989.cmd"  -llibmpu_init.a -llibmath.a -llibc.a 
<Linking>
error #10056: symbol "RESET" redefined: first defined in "./Final_coding (1).obj"; redefined in "./main.obj"
"../lnk_msp430fr6989.cmd", line 256: error #10099-D: program will not fit into available memory, or the section contains a call site that requires a trampoline that can't be generated for this section. placement with alignment fails for section ".reset" size 0x4.  Available memory ranges:
   RESET        size: 0x2          unused: 0x2          max hole: 0x2       
error #10010: errors encountered during linking; "Final.out" not built
 
>> Compilation failure
makefile:138: recipe for target 'Final.out' failed
gmake[1]: *** [Final.out] Error 1
makefile:134: recipe for target 'all' failed
gmake: *** [all] Error 2

**** Build Finished ****

**** Build of configuration Debug for project Final ****

"C:\\ti\\ccs1281\\ccs\\utils\\bin\\gmake" -k -j 20 all -O 
 
Building file: "../main.asm"
Invoking: MSP430 Compiler
"C:/ti/ccs1281/ccs/tools/compiler/ti-cgt-msp430_21.6.1.LTS/bin/cl430" -vmspx --code_model=small --data_model=small --use_hw_mpy=F5 --include_path="C:/ti/ccs1281/ccs/ccs_base/msp430/include" --include_path="C:/Users/evanm/OneDrive/Desktop/Github Projects/OSU-Classes/ECE 2560/Final" --include_path="C:/ti/ccs1281/ccs/tools/compiler/ti-cgt-msp430_21.6.1.LTS/include" --advice:power=all --advice:hw_config=all --define=__MSP430FR6989__ --define=_MPU_ENABLE -g --printf_support=minimal --diag_warning=225 --diag_wrap=off --display_error_number --silicon_errata=CPU21 --silicon_errata=CPU22 --silicon_errata=CPU40 --preproc_with_compile --preproc_dependency="main.d_raw"  "../main.asm"
Finished building: "../main.asm"
 
Building target: "Final.out"
Invoking: MSP430 Linker
"C:/ti/ccs1281/ccs/tools/compiler/ti-cgt-msp430_21.6.1.LTS/bin/cl430" -vmspx --code_model=small --data_model=small --use_hw_mpy=F5 --advice:power=all --advice:hw_config=all --define=__MSP430FR6989__ --define=_MPU_ENABLE -g --printf_support=minimal --diag_warning=225 --diag_wrap=off --display_error_number --silicon_errata=CPU21 --silicon_errata=CPU22 --silicon_errata=CPU40 -z -m"Final.map" --heap_size=0 --stack_size=0 --cinit_hold_wdt=on -i"C:/ti/ccs1281/ccs/ccs_base/msp430/include" -i"C:/ti/ccs1281/ccs/ccs_base/msp430/lib/5xx_6xx_FRxx" -i"C:/ti/ccs1281/ccs/ccs_base/msp430/lib/FR59xx" -i"C:/ti/ccs1281/ccs/tools/compiler/ti-cgt-msp430_21.6.1.LTS/lib" -i"C:/ti/ccs1281/ccs/tools/compiler/ti-cgt-msp430_21.6.1.LTS/include" --priority --reread_libs --define=_MPU_ENABLE --diag_wrap=off --display_error_number --warn_sections --xml_link_info="Final_linkInfo.xml" --entry_point=RESET --use_hw_mpy=F5 -o "Final.out" "./main.obj" "../lnk_msp430fr6989.cmd"  -llibmpu_init.a -llibmath.a -llibc.a 
<Linking>
Finished building target: "Final.out"
 

**** Build Finished ****

**** Build of configuration Debug for project Final ****

"C:\\ti\\ccs1281\\ccs\\utils\\bin\\gmake" -k -j 20 all -O 
 
gmake[1]: 'Final.out' is up to date.

**** Build Finished ****

**** Build of configuration Debug for project Final ****

"C:\\ti\\ccs1281\\ccs\\utils\\bin\\gmake" -k -j 20 all -O 
 
Building file: "../main.asm"
Invoking: MSP430 Compiler
"C:/ti/ccs1281/ccs/tools/compiler/ti-cgt-msp430_21.6.1.LTS/bin/cl430" -vmspx --code_model=small --data_model=small --use_hw_mpy=F5 --include_path="C:/ti/ccs1281/ccs/ccs_base/msp430/include" --include_path="C:/Users/evanm/OneDrive/Desktop/Github Projects/OSU-Classes/ECE 2560/Final" --include_path="C:/ti/ccs1281/ccs/tools/compiler/ti-cgt-msp430_21.6.1.LTS/include" --advice:power=all --advice:hw_config=all --define=__MSP430FR6989__ --define=_MPU_ENABLE -g --printf_support=minimal --diag_warning=225 --diag_wrap=off --display_error_number --silicon_errata=CPU21 --silicon_errata=CPU22 --silicon_errata=CPU40 --preproc_with_compile --preproc_dependency="main.d_raw"  "../main.asm"
Finished building: "../main.asm"
 
Building target: "Final.out"
Invoking: MSP430 Linker
"C:/ti/ccs1281/ccs/tools/compiler/ti-cgt-msp430_21.6.1.LTS/bin/cl430" -vmspx --code_model=small --data_model=small --use_hw_mpy=F5 --advice:power=all --advice:hw_config=all --define=__MSP430FR6989__ --define=_MPU_ENABLE -g --printf_support=minimal --diag_warning=225 --diag_wrap=off --display_error_number --silicon_errata=CPU21 --silicon_errata=CPU22 --silicon_errata=CPU40 -z -m"Final.map" --heap_size=0 --stack_size=0 --cinit_hold_wdt=on -i"C:/ti/ccs1281/ccs/ccs_base/msp430/include" -i"C:/ti/ccs1281/ccs/ccs_base/msp430/lib/5xx_6xx_FRxx" -i"C:/ti/ccs1281/ccs/ccs_base/msp430/lib/FR59xx" -i"C:/ti/ccs1281/ccs/tools/compiler/ti-cgt-msp430_21.6.1.LTS/lib" -i"C:/ti/ccs1281/ccs/tools/compiler/ti-cgt-msp430_21.6.1.LTS/include" --priority --reread_libs --define=_MPU_ENABLE --diag_wrap=off --display_error_number --warn_sections --xml_link_info="Final_linkInfo.xml" --entry_point=RESET --use_hw_mpy=F5 -o "Final.out" "./main.obj" "../lnk_msp430fr6989.cmd"  -llibmpu_init.a -llibmath.a -llibc.a 
<Linking>
Finished building target: "Final.out"
 

**** Build Finished ****

**** Build of configuration Debug for project Final ****

"C:\\ti\\ccs1281\\ccs\\utils\\bin\\gmake" -k -j 20 all -O 
 
gmake[1]: 'Final.out' is up to date.

**** Build Finished ****

**** Build of configuration Debug for project Final ****

"C:\\ti\\ccs1281\\ccs\\utils\\bin\\gmake" -k -j 20 all -O 
 
Building file: "../main.asm"
Invoking: MSP430 Compiler
"C:/ti/ccs1281/ccs/tools/compiler/ti-cgt-msp430_21.6.1.LTS/bin/cl430" -vmspx --code_model=small --data_model=small --use_hw_mpy=F5 --include_path="C:/ti/ccs1281/ccs/ccs_base/msp430/include" --include_path="C:/Users/evanm/OneDrive/Desktop/Github Projects/OSU-Classes/ECE 2560/Final" --include_path="C:/ti/ccs1281/ccs/tools/compiler/ti-cgt-msp430_21.6.1.LTS/include" --advice:power=all --advice:hw_config=all --define=__MSP430FR6989__ --define=_MPU_ENABLE -g --printf_support=minimal --diag_warning=225 --diag_wrap=off --display_error_number --silicon_errata=CPU21 --silicon_errata=CPU22 --silicon_errata=CPU40 --preproc_with_compile --preproc_dependency="main.d_raw"  "../main.asm"
Finished building: "../main.asm"
 
Building target: "Final.out"
Invoking: MSP430 Linker
"C:/ti/ccs1281/ccs/tools/compiler/ti-cgt-msp430_21.6.1.LTS/bin/cl430" -vmspx --code_model=small --data_model=small --use_hw_mpy=F5 --advice:power=all --advice:hw_config=all --define=__MSP430FR6989__ --define=_MPU_ENABLE -g --printf_support=minimal --diag_warning=225 --diag_wrap=off --display_error_number --silicon_errata=CPU21 --silicon_errata=CPU22 --silicon_errata=CPU40 -z -m"Final.map" --heap_size=0 --stack_size=0 --cinit_hold_wdt=on -i"C:/ti/ccs1281/ccs/ccs_base/msp430/include" -i"C:/ti/ccs1281/ccs/ccs_base/msp430/lib/5xx_6xx_FRxx" -i"C:/ti/ccs1281/ccs/ccs_base/msp430/lib/FR59xx" -i"C:/ti/ccs1281/ccs/tools/compiler/ti-cgt-msp430_21.6.1.LTS/lib" -i"C:/ti/ccs1281/ccs/tools/compiler/ti-cgt-msp430_21.6.1.LTS/include" --priority --reread_libs --define=_MPU_ENABLE --diag_wrap=off --display_error_number --warn_sections --xml_link_info="Final_linkInfo.xml" --entry_point=RESET --use_hw_mpy=F5 -o "Final.out" "./main.obj" "../lnk_msp430fr6989.cmd"  -llibmpu_init.a -llibmath.a -llibc.a 
<Linking>
Finished building target: "Final.out"
 

**** Build Finished ****

**** Build of configuration Debug for project Final ****

"C:\\ti\\ccs1281\\ccs\\utils\\bin\\gmake" -k -j 20 all -O 
 
gmake[1]: 'Final.out' is up to date.

**** Build Finished ****

**** Build of configuration Debug for project Final ****

"C:\\ti\\ccs1281\\ccs\\utils\\bin\\gmake" -k -j 20 all -O 
 
Building file: "../main.asm"
Invoking: MSP430 Compiler
"C:/ti/ccs1281/ccs/tools/compiler/ti-cgt-msp430_21.6.1.LTS/bin/cl430" -vmspx --code_model=small --data_model=small --use_hw_mpy=F5 --include_path="C:/ti/ccs1281/ccs/ccs_base/msp430/include" --include_path="C:/Users/evanm/OneDrive/Desktop/Github Projects/OSU-Classes/ECE 2560/Final" --include_path="C:/ti/ccs1281/ccs/tools/compiler/ti-cgt-msp430_21.6.1.LTS/include" --advice:power=all --advice:hw_config=all --define=__MSP430FR6989__ --define=_MPU_ENABLE -g --printf_support=minimal --diag_warning=225 --diag_wrap=off --display_error_number --silicon_errata=CPU21 --silicon_errata=CPU22 --silicon_errata=CPU40 --preproc_with_compile --preproc_dependency="main.d_raw"  "../main.asm"
5 Assembly Errors, No Assembly Warnings
 
>> Compilation failure
subdir_rules.mk:9: recipe for target 'main.obj' failed
"../main.asm", ERROR!   at line 56: [E0001] Undefined symbol
	        xor.b    BIT#0, &P1OUT                    ; toggle Green and red LED's
 
"../main.asm", ERROR!   at line 56: [E0003] Unexpected trailing operand(s)
	        xor.b    BIT#0, &P1OUT                    ; toggle Green and red LED's
 
"../main.asm", ERROR!   at line 57: [E0001] Undefined symbol
	        xor.b    BIT#6, &P1OUT
 
"../main.asm", ERROR!   at line 57: [E0003] Unexpected trailing operand(s)
	        xor.b    BIT#6, &P1OUT
 
"../main.asm", ERROR!   at EOF: [E0300] The following symbols are undefined:
  BIT
 
Errors in Source - Assembler Aborted
gmake: *** [main.obj] Error 1
gmake: Target 'all' not remade because of errors.

**** Build Finished ****

**** Build of configuration Debug for project Final ****

"C:\\ti\\ccs1281\\ccs\\utils\\bin\\gmake" -k -j 20 all -O 
 
Building file: "../main.asm"
Invoking: MSP430 Compiler
"C:/ti/ccs1281/ccs/tools/compiler/ti-cgt-msp430_21.6.1.LTS/bin/cl430" -vmspx --code_model=small --data_model=small --use_hw_mpy=F5 --include_path="C:/ti/ccs1281/ccs/ccs_base/msp430/include" --include_path="C:/Users/evanm/OneDrive/Desktop/Github Projects/OSU-Classes/ECE 2560/Final" --include_path="C:/ti/ccs1281/ccs/tools/compiler/ti-cgt-msp430_21.6.1.LTS/include" --advice:power=all --advice:hw_config=all --define=__MSP430FR6989__ --define=_MPU_ENABLE -g --printf_support=minimal --diag_warning=225 --diag_wrap=off --display_error_number --silicon_errata=CPU21 --silicon_errata=CPU22 --silicon_errata=CPU40 --preproc_with_compile --preproc_dependency="main.d_raw"  "../main.asm"
Finished building: "../main.asm"
 
Building target: "Final.out"
Invoking: MSP430 Linker
"C:/ti/ccs1281/ccs/tools/compiler/ti-cgt-msp430_21.6.1.LTS/bin/cl430" -vmspx --code_model=small --data_model=small --use_hw_mpy=F5 --advice:power=all --advice:hw_config=all --define=__MSP430FR6989__ --define=_MPU_ENABLE -g --printf_support=minimal --diag_warning=225 --diag_wrap=off --display_error_number --silicon_errata=CPU21 --silicon_errata=CPU22 --silicon_errata=CPU40 -z -m"Final.map" --heap_size=0 --stack_size=0 --cinit_hold_wdt=on -i"C:/ti/ccs1281/ccs/ccs_base/msp430/include" -i"C:/ti/ccs1281/ccs/ccs_base/msp430/lib/5xx_6xx_FRxx" -i"C:/ti/ccs1281/ccs/ccs_base/msp430/lib/FR59xx" -i"C:/ti/ccs1281/ccs/tools/compiler/ti-cgt-msp430_21.6.1.LTS/lib" -i"C:/ti/ccs1281/ccs/tools/compiler/ti-cgt-msp430_21.6.1.LTS/include" --priority --reread_libs --define=_MPU_ENABLE --diag_wrap=off --display_error_number --warn_sections --xml_link_info="Final_linkInfo.xml" --entry_point=RESET --use_hw_mpy=F5 -o "Final.out" "./main.obj" "../lnk_msp430fr6989.cmd"  -llibmpu_init.a -llibmath.a -llibc.a 
<Linking>
Finished building target: "Final.out"
 

**** Build Finished ****

**** Build of configuration Debug for project Final ****

"C:\\ti\\ccs1281\\ccs\\utils\\bin\\gmake" -k -j 20 all -O 
 
gmake[1]: 'Final.out' is up to date.

**** Build Finished ****

**** Build of configuration Debug for project Final ****

"C:\\ti\\ccs1281\\ccs\\utils\\bin\\gmake" -k -j 20 all -O 
 
Building file: "../main.asm"
Invoking: MSP430 Compiler
"C:/ti/ccs1281/ccs/tools/compiler/ti-cgt-msp430_21.6.1.LTS/bin/cl430" -vmspx --code_model=small --data_model=small --use_hw_mpy=F5 --include_path="C:/ti/ccs1281/ccs/ccs_base/msp430/include" --include_path="C:/Users/evanm/OneDrive/Desktop/Github Projects/OSU-Classes/ECE 2560/Final" --include_path="C:/ti/ccs1281/ccs/tools/compiler/ti-cgt-msp430_21.6.1.LTS/include" --advice:power=all --advice:hw_config=all --define=__MSP430FR6989__ --define=_MPU_ENABLE -g --printf_support=minimal --diag_warning=225 --diag_wrap=off --display_error_number --silicon_errata=CPU21 --silicon_errata=CPU22 --silicon_errata=CPU40 --preproc_with_compile --preproc_dependency="main.d_raw"  "../main.asm"
Finished building: "../main.asm"
 
Building target: "Final.out"
Invoking: MSP430 Linker
"C:/ti/ccs1281/ccs/tools/compiler/ti-cgt-msp430_21.6.1.LTS/bin/cl430" -vmspx --code_model=small --data_model=small --use_hw_mpy=F5 --advice:power=all --advice:hw_config=all --define=__MSP430FR6989__ --define=_MPU_ENABLE -g --printf_support=minimal --diag_warning=225 --diag_wrap=off --display_error_number --silicon_errata=CPU21 --silicon_errata=CPU22 --silicon_errata=CPU40 -z -m"Final.map" --heap_size=0 --stack_size=0 --cinit_hold_wdt=on -i"C:/ti/ccs1281/ccs/ccs_base/msp430/include" -i"C:/ti/ccs1281/ccs/ccs_base/msp430/lib/5xx_6xx_FRxx" -i"C:/ti/ccs1281/ccs/ccs_base/msp430/lib/FR59xx" -i"C:/ti/ccs1281/ccs/tools/compiler/ti-cgt-msp430_21.6.1.LTS/lib" -i"C:/ti/ccs1281/ccs/tools/compiler/ti-cgt-msp430_21.6.1.LTS/include" --priority --reread_libs --define=_MPU_ENABLE --diag_wrap=off --display_error_number --warn_sections --xml_link_info="Final_linkInfo.xml" --entry_point=RESET --use_hw_mpy=F5 -o "Final.out" "./main.obj" "../lnk_msp430fr6989.cmd"  -llibmpu_init.a -llibmath.a -llibc.a 
<Linking>
Finished building target: "Final.out"
 

**** Build Finished ****

**** Build of configuration Debug for project Final ****

"C:\\ti\\ccs1281\\ccs\\utils\\bin\\gmake" -k -j 20 all -O 
 
gmake[1]: 'Final.out' is up to date.

**** Build Finished ****

**** Build of configuration Debug for project Final ****

"C:\\ti\\ccs1281\\ccs\\utils\\bin\\gmake" -k -j 20 all -O 
 
Building file: "../main.asm"
Invoking: MSP430 Compiler
"C:/ti/ccs1281/ccs/tools/compiler/ti-cgt-msp430_21.6.1.LTS/bin/cl430" -vmspx --code_model=small --data_model=small --use_hw_mpy=F5 --include_path="C:/ti/ccs1281/ccs/ccs_base/msp430/include" --include_path="C:/Users/evanm/OneDrive/Desktop/Github Projects/OSU-Classes/ECE 2560/Final" --include_path="C:/ti/ccs1281/ccs/tools/compiler/ti-cgt-msp430_21.6.1.LTS/include" --advice:power=all --advice:hw_config=all --define=__MSP430FR6989__ --define=_MPU_ENABLE -g --printf_support=minimal --diag_warning=225 --diag_wrap=off --display_error_number --silicon_errata=CPU21 --silicon_errata=CPU22 --silicon_errata=CPU40 --preproc_with_compile --preproc_dependency="main.d_raw"  "../main.asm"
Finished building: "../main.asm"
 
Building target: "Final.out"
Invoking: MSP430 Linker
"C:/ti/ccs1281/ccs/tools/compiler/ti-cgt-msp430_21.6.1.LTS/bin/cl430" -vmspx --code_model=small --data_model=small --use_hw_mpy=F5 --advice:power=all --advice:hw_config=all --define=__MSP430FR6989__ --define=_MPU_ENABLE -g --printf_support=minimal --diag_warning=225 --diag_wrap=off --display_error_number --silicon_errata=CPU21 --silicon_errata=CPU22 --silicon_errata=CPU40 -z -m"Final.map" --heap_size=0 --stack_size=0 --cinit_hold_wdt=on -i"C:/ti/ccs1281/ccs/ccs_base/msp430/include" -i"C:/ti/ccs1281/ccs/ccs_base/msp430/lib/5xx_6xx_FRxx" -i"C:/ti/ccs1281/ccs/ccs_base/msp430/lib/FR59xx" -i"C:/ti/ccs1281/ccs/tools/compiler/ti-cgt-msp430_21.6.1.LTS/lib" -i"C:/ti/ccs1281/ccs/tools/compiler/ti-cgt-msp430_21.6.1.LTS/include" --priority --reread_libs --define=_MPU_ENABLE --diag_wrap=off --display_error_number --warn_sections --xml_link_info="Final_linkInfo.xml" --entry_point=RESET --use_hw_mpy=F5 -o "Final.out" "./main.obj" "../lnk_msp430fr6989.cmd"  -llibmpu_init.a -llibmath.a -llibc.a 
<Linking>
Finished building target: "Final.out"
 

**** Build Finished ****

**** Build of configuration Debug for project Final ****

"C:\\ti\\ccs1281\\ccs\\utils\\bin\\gmake" -k -j 20 all -O 
 
gmake[1]: 'Final.out' is up to date.

**** Build Finished ****

**** Build of configuration Debug for project Final ****

"C:\\ti\\ccs1281\\ccs\\utils\\bin\\gmake" -k -j 20 all -O 
 
Building file: "../main.asm"
Invoking: MSP430 Compiler
"C:/ti/ccs1281/ccs/tools/compiler/ti-cgt-msp430_21.6.1.LTS/bin/cl430" -vmspx --code_model=small --data_model=small --use_hw_mpy=F5 --include_path="C:/ti/ccs1281/ccs/ccs_base/msp430/include" --include_path="C:/Users/evanm/OneDrive/Desktop/Github Projects/OSU-Classes/ECE 2560/Final" --include_path="C:/ti/ccs1281/ccs/tools/compiler/ti-cgt-msp430_21.6.1.LTS/include" --advice:power=all --advice:hw_config=all --define=__MSP430FR6989__ --define=_MPU_ENABLE -g --printf_support=minimal --diag_warning=225 --diag_wrap=off --display_error_number --silicon_errata=CPU21 --silicon_errata=CPU22 --silicon_errata=CPU40 --preproc_with_compile --preproc_dependency="main.d_raw"  "../main.asm"
Finished building: "../main.asm"
 
Building target: "Final.out"
Invoking: MSP430 Linker
"C:/ti/ccs1281/ccs/tools/compiler/ti-cgt-msp430_21.6.1.LTS/bin/cl430" -vmspx --code_model=small --data_model=small --use_hw_mpy=F5 --advice:power=all --advice:hw_config=all --define=__MSP430FR6989__ --define=_MPU_ENABLE -g --printf_support=minimal --diag_warning=225 --diag_wrap=off --display_error_number --silicon_errata=CPU21 --silicon_errata=CPU22 --silicon_errata=CPU40 -z -m"Final.map" --heap_size=0 --stack_size=0 --cinit_hold_wdt=on -i"C:/ti/ccs1281/ccs/ccs_base/msp430/include" -i"C:/ti/ccs1281/ccs/ccs_base/msp430/lib/5xx_6xx_FRxx" -i"C:/ti/ccs1281/ccs/ccs_base/msp430/lib/FR59xx" -i"C:/ti/ccs1281/ccs/tools/compiler/ti-cgt-msp430_21.6.1.LTS/lib" -i"C:/ti/ccs1281/ccs/tools/compiler/ti-cgt-msp430_21.6.1.LTS/include" --priority --reread_libs --define=_MPU_ENABLE --diag_wrap=off --display_error_number --warn_sections --xml_link_info="Final_linkInfo.xml" --entry_point=RESET --use_hw_mpy=F5 -o "Final.out" "./main.obj" "../lnk_msp430fr6989.cmd"  -llibmpu_init.a -llibmath.a -llibc.a 
<Linking>
Finished building target: "Final.out"
 

**** Build Finished ****

**** Build of configuration Debug for project Final ****

"C:\\ti\\ccs1281\\ccs\\utils\\bin\\gmake" -k -j 20 all -O 
 
gmake[1]: 'Final.out' is up to date.

**** Build Finished ****

**** Build of configuration Debug for project Final ****

"C:\\ti\\ccs1281\\ccs\\utils\\bin\\gmake" -k -j 20 all -O 
 
Building file: "../main.asm"
Invoking: MSP430 Compiler
"C:/ti/ccs1281/ccs/tools/compiler/ti-cgt-msp430_21.6.1.LTS/bin/cl430" -vmspx --code_model=small --data_model=small --use_hw_mpy=F5 --include_path="C:/ti/ccs1281/ccs/ccs_base/msp430/include" --include_path="C:/Users/evanm/OneDrive/Desktop/Github Projects/OSU-Classes/ECE 2560/Final" --include_path="C:/ti/ccs1281/ccs/tools/compiler/ti-cgt-msp430_21.6.1.LTS/include" --advice:power=all --advice:hw_config=all --define=__MSP430FR6989__ --define=_MPU_ENABLE -g --printf_support=minimal --diag_warning=225 --diag_wrap=off --display_error_number --silicon_errata=CPU21 --silicon_errata=CPU22 --silicon_errata=CPU40 --preproc_with_compile --preproc_dependency="main.d_raw"  "../main.asm"
Finished building: "../main.asm"
 
Building target: "Final.out"
Invoking: MSP430 Linker
"C:/ti/ccs1281/ccs/tools/compiler/ti-cgt-msp430_21.6.1.LTS/bin/cl430" -vmspx --code_model=small --data_model=small --use_hw_mpy=F5 --advice:power=all --advice:hw_config=all --define=__MSP430FR6989__ --define=_MPU_ENABLE -g --printf_support=minimal --diag_warning=225 --diag_wrap=off --display_error_number --silicon_errata=CPU21 --silicon_errata=CPU22 --silicon_errata=CPU40 -z -m"Final.map" --heap_size=0 --stack_size=0 --cinit_hold_wdt=on -i"C:/ti/ccs1281/ccs/ccs_base/msp430/include" -i"C:/ti/ccs1281/ccs/ccs_base/msp430/lib/5xx_6xx_FRxx" -i"C:/ti/ccs1281/ccs/ccs_base/msp430/lib/FR59xx" -i"C:/ti/ccs1281/ccs/tools/compiler/ti-cgt-msp430_21.6.1.LTS/lib" -i"C:/ti/ccs1281/ccs/tools/compiler/ti-cgt-msp430_21.6.1.LTS/include" --priority --reread_libs --define=_MPU_ENABLE --diag_wrap=off --display_error_number --warn_sections --xml_link_info="Final_linkInfo.xml" --entry_point=RESET --use_hw_mpy=F5 -o "Final.out" "./main.obj" "../lnk_msp430fr6989.cmd"  -llibmpu_init.a -llibmath.a -llibc.a 
<Linking>
warning #10247-D: creating output section ".int58" without a SECTIONS specification
Finished building target: "Final.out"
 

**** Build Finished ****

**** Build of configuration Debug for project Final ****

"C:\\ti\\ccs1281\\ccs\\utils\\bin\\gmake" -k -j 20 all -O 
 
Building file: "../main.asm"
Invoking: MSP430 Compiler
"C:/ti/ccs1281/ccs/tools/compiler/ti-cgt-msp430_21.6.1.LTS/bin/cl430" -vmspx --code_model=small --data_model=small --use_hw_mpy=F5 --include_path="C:/ti/ccs1281/ccs/ccs_base/msp430/include" --include_path="C:/Users/evanm/OneDrive/Desktop/Github Projects/OSU-Classes/ECE 2560/Final" --include_path="C:/ti/ccs1281/ccs/tools/compiler/ti-cgt-msp430_21.6.1.LTS/include" --advice:power=all --advice:hw_config=all --define=__MSP430FR6989__ --define=_MPU_ENABLE -g --printf_support=minimal --diag_warning=225 --diag_wrap=off --display_error_number --silicon_errata=CPU21 --silicon_errata=CPU22 --silicon_errata=CPU40 --preproc_with_compile --preproc_dependency="main.d_raw"  "../main.asm"
Finished building: "../main.asm"
 
Building target: "Final.out"
Invoking: MSP430 Linker
"C:/ti/ccs1281/ccs/tools/compiler/ti-cgt-msp430_21.6.1.LTS/bin/cl430" -vmspx --code_model=small --data_model=small --use_hw_mpy=F5 --advice:power=all --advice:hw_config=all --define=__MSP430FR6989__ --define=_MPU_ENABLE -g --printf_support=minimal --diag_warning=225 --diag_wrap=off --display_error_number --silicon_errata=CPU21 --silicon_errata=CPU22 --silicon_errata=CPU40 -z -m"Final.map" --heap_size=0 --stack_size=0 --cinit_hold_wdt=on -i"C:/ti/ccs1281/ccs/ccs_base/msp430/include" -i"C:/ti/ccs1281/ccs/ccs_base/msp430/lib/5xx_6xx_FRxx" -i"C:/ti/ccs1281/ccs/ccs_base/msp430/lib/FR59xx" -i"C:/ti/ccs1281/ccs/tools/compiler/ti-cgt-msp430_21.6.1.LTS/lib" -i"C:/ti/ccs1281/ccs/tools/compiler/ti-cgt-msp430_21.6.1.LTS/include" --priority --reread_libs --define=_MPU_ENABLE --diag_wrap=off --display_error_number --warn_sections --xml_link_info="Final_linkInfo.xml" --entry_point=RESET --use_hw_mpy=F5 -o "Final.out" "./main.obj" "../lnk_msp430fr6989.cmd"  -llibmpu_init.a -llibmath.a -llibc.a 
<Linking>
Finished building target: "Final.out"
 

**** Build Finished ****

**** Build of configuration Debug for project Final ****

"C:\\ti\\ccs1281\\ccs\\utils\\bin\\gmake" -k -j 20 all -O 
 
gmake[1]: 'Final.out' is up to date.

**** Build Finished ****

**** Build of configuration Debug for project Final ****

"C:\\ti\\ccs1281\\ccs\\utils\\bin\\gmake" -k -j 20 all -O 
 
Building file: "../main.asm"
Invoking: MSP430 Compiler
"C:/ti/ccs1281/ccs/tools/compiler/ti-cgt-msp430_21.6.1.LTS/bin/cl430" -vmspx --code_model=small --data_model=small --use_hw_mpy=F5 --include_path="C:/ti/ccs1281/ccs/ccs_base/msp430/include" --include_path="C:/Users/evanm/OneDrive/Desktop/Github Projects/OSU-Classes/ECE 2560/Final" --include_path="C:/ti/ccs1281/ccs/tools/compiler/ti-cgt-msp430_21.6.1.LTS/include" --advice:power=all --advice:hw_config=all --define=__MSP430FR6989__ --define=_MPU_ENABLE -g --printf_support=minimal --diag_warning=225 --diag_wrap=off --display_error_number --silicon_errata=CPU21 --silicon_errata=CPU22 --silicon_errata=CPU40 --preproc_with_compile --preproc_dependency="main.d_raw"  "../main.asm"
Finished building: "../main.asm"
 
Building target: "Final.out"
Invoking: MSP430 Linker
"C:/ti/ccs1281/ccs/tools/compiler/ti-cgt-msp430_21.6.1.LTS/bin/cl430" -vmspx --code_model=small --data_model=small --use_hw_mpy=F5 --advice:power=all --advice:hw_config=all --define=__MSP430FR6989__ --define=_MPU_ENABLE -g --printf_support=minimal --diag_warning=225 --diag_wrap=off --display_error_number --silicon_errata=CPU21 --silicon_errata=CPU22 --silicon_errata=CPU40 -z -m"Final.map" --heap_size=0 --stack_size=0 --cinit_hold_wdt=on -i"C:/ti/ccs1281/ccs/ccs_base/msp430/include" -i"C:/ti/ccs1281/ccs/ccs_base/msp430/lib/5xx_6xx_FRxx" -i"C:/ti/ccs1281/ccs/ccs_base/msp430/lib/FR59xx" -i"C:/ti/ccs1281/ccs/tools/compiler/ti-cgt-msp430_21.6.1.LTS/lib" -i"C:/ti/ccs1281/ccs/tools/compiler/ti-cgt-msp430_21.6.1.LTS/include" --priority --reread_libs --define=_MPU_ENABLE --diag_wrap=off --display_error_number --warn_sections --xml_link_info="Final_linkInfo.xml" --entry_point=RESET --use_hw_mpy=F5 -o "Final.out" "./main.obj" "../lnk_msp430fr6989.cmd"  -llibmpu_init.a -llibmath.a -llibc.a 
<Linking>
Finished building target: "Final.out"
 

**** Build Finished ****

**** Build of configuration Debug for project Final ****

"C:\\ti\\ccs1281\\ccs\\utils\\bin\\gmake" -k -j 20 all -O 
 
gmake[1]: 'Final.out' is up to date.

**** Build Finished ****

**** Build of configuration Debug for project Final ****

"C:\\ti\\ccs1281\\ccs\\utils\\bin\\gmake" -k -j 20 all -O 
 
Building file: "../main.asm"
Invoking: MSP430 Compiler
"C:/ti/ccs1281/ccs/tools/compiler/ti-cgt-msp430_21.6.1.LTS/bin/cl430" -vmspx --code_model=small --data_model=small --use_hw_mpy=F5 --include_path="C:/ti/ccs1281/ccs/ccs_base/msp430/include" --include_path="C:/Users/evanm/OneDrive/Desktop/Github Projects/OSU-Classes/ECE 2560/Final" --include_path="C:/ti/ccs1281/ccs/tools/compiler/ti-cgt-msp430_21.6.1.LTS/include" --advice:power=all --advice:hw_config=all --define=__MSP430FR6989__ --define=_MPU_ENABLE -g --printf_support=minimal --diag_warning=225 --diag_wrap=off --display_error_number --silicon_errata=CPU21 --silicon_errata=CPU22 --silicon_errata=CPU40 --preproc_with_compile --preproc_dependency="main.d_raw"  "../main.asm"
Finished building: "../main.asm"
 
Building target: "Final.out"
Invoking: MSP430 Linker
"C:/ti/ccs1281/ccs/tools/compiler/ti-cgt-msp430_21.6.1.LTS/bin/cl430" -vmspx --code_model=small --data_model=small --use_hw_mpy=F5 --advice:power=all --advice:hw_config=all --define=__MSP430FR6989__ --define=_MPU_ENABLE -g --printf_support=minimal --diag_warning=225 --diag_wrap=off --display_error_number --silicon_errata=CPU21 --silicon_errata=CPU22 --silicon_errata=CPU40 -z -m"Final.map" --heap_size=0 --stack_size=0 --cinit_hold_wdt=on -i"C:/ti/ccs1281/ccs/ccs_base/msp430/include" -i"C:/ti/ccs1281/ccs/ccs_base/msp430/lib/5xx_6xx_FRxx" -i"C:/ti/ccs1281/ccs/ccs_base/msp430/lib/FR59xx" -i"C:/ti/ccs1281/ccs/tools/compiler/ti-cgt-msp430_21.6.1.LTS/lib" -i"C:/ti/ccs1281/ccs/tools/compiler/ti-cgt-msp430_21.6.1.LTS/include" --priority --reread_libs --define=_MPU_ENABLE --diag_wrap=off --display_error_number --warn_sections --xml_link_info="Final_linkInfo.xml" --entry_point=RESET --use_hw_mpy=F5 -o "Final.out" "./main.obj" "../lnk_msp430fr6989.cmd"  -llibmpu_init.a -llibmath.a -llibc.a 
<Linking>
Finished building target: "Final.out"
 

**** Build Finished ****

**** Build of configuration Debug for project Final ****

"C:\\ti\\ccs1281\\ccs\\utils\\bin\\gmake" -k -j 20 all -O 
 
gmake[1]: 'Final.out' is up to date.

**** Build Finished ****

**** Build of configuration Debug for project Final ****

"C:\\ti\\ccs1281\\ccs\\utils\\bin\\gmake" -k -j 20 all -O 
 
Building file: "../main.asm"
Invoking: MSP430 Compiler
"C:/ti/ccs1281/ccs/tools/compiler/ti-cgt-msp430_21.6.1.LTS/bin/cl430" -vmspx --code_model=small --data_model=small --use_hw_mpy=F5 --include_path="C:/ti/ccs1281/ccs/ccs_base/msp430/include" --include_path="C:/Users/evanm/OneDrive/Desktop/Github Projects/OSU-Classes/ECE 2560/Final" --include_path="C:/ti/ccs1281/ccs/tools/compiler/ti-cgt-msp430_21.6.1.LTS/include" --advice:power=all --advice:hw_config=all --define=__MSP430FR6989__ --define=_MPU_ENABLE -g --printf_support=minimal --diag_warning=225 --diag_wrap=off --display_error_number --silicon_errata=CPU21 --silicon_errata=CPU22 --silicon_errata=CPU40 --preproc_with_compile --preproc_dependency="main.d_raw"  "../main.asm"
Finished building: "../main.asm"
 
Building target: "Final.out"
Invoking: MSP430 Linker
"C:/ti/ccs1281/ccs/tools/compiler/ti-cgt-msp430_21.6.1.LTS/bin/cl430" -vmspx --code_model=small --data_model=small --use_hw_mpy=F5 --advice:power=all --advice:hw_config=all --define=__MSP430FR6989__ --define=_MPU_ENABLE -g --printf_support=minimal --diag_warning=225 --diag_wrap=off --display_error_number --silicon_errata=CPU21 --silicon_errata=CPU22 --silicon_errata=CPU40 -z -m"Final.map" --heap_size=0 --stack_size=0 --cinit_hold_wdt=on -i"C:/ti/ccs1281/ccs/ccs_base/msp430/include" -i"C:/ti/ccs1281/ccs/ccs_base/msp430/lib/5xx_6xx_FRxx" -i"C:/ti/ccs1281/ccs/ccs_base/msp430/lib/FR59xx" -i"C:/ti/ccs1281/ccs/tools/compiler/ti-cgt-msp430_21.6.1.LTS/lib" -i"C:/ti/ccs1281/ccs/tools/compiler/ti-cgt-msp430_21.6.1.LTS/include" --priority --reread_libs --define=_MPU_ENABLE --diag_wrap=off --display_error_number --warn_sections --xml_link_info="Final_linkInfo.xml" --entry_point=RESET --use_hw_mpy=F5 -o "Final.out" "./main.obj" "../lnk_msp430fr6989.cmd"  -llibmpu_init.a -llibmath.a -llibc.a 
<Linking>
Finished building target: "Final.out"
 

**** Build Finished ****

**** Build of configuration Debug for project Final ****

"C:\\ti\\ccs1281\\ccs\\utils\\bin\\gmake" -k -j 20 all -O 
 
gmake[1]: 'Final.out' is up to date.

**** Build Finished ****

**** Build of configuration Debug for project Final ****

"C:\\ti\\ccs1281\\ccs\\utils\\bin\\gmake" -k -j 20 all -O 
 
Building file: "../main.asm"
Invoking: MSP430 Compiler
"C:/ti/ccs1281/ccs/tools/compiler/ti-cgt-msp430_21.6.1.LTS/bin/cl430" -vmspx --code_model=small --data_model=small --use_hw_mpy=F5 --include_path="C:/ti/ccs1281/ccs/ccs_base/msp430/include" --include_path="C:/Users/evanm/OneDrive/Desktop/Github Projects/OSU-Classes/ECE 2560/Final" --include_path="C:/ti/ccs1281/ccs/tools/compiler/ti-cgt-msp430_21.6.1.LTS/include" --advice:power=all --advice:hw_config=all --define=__MSP430FR6989__ --define=_MPU_ENABLE -g --printf_support=minimal --diag_warning=225 --diag_wrap=off --display_error_number --silicon_errata=CPU21 --silicon_errata=CPU22 --silicon_errata=CPU40 --preproc_with_compile --preproc_dependency="main.d_raw"  "../main.asm"
Finished building: "../main.asm"
 
Building target: "Final.out"
Invoking: MSP430 Linker
"C:/ti/ccs1281/ccs/tools/compiler/ti-cgt-msp430_21.6.1.LTS/bin/cl430" -vmspx --code_model=small --data_model=small --use_hw_mpy=F5 --advice:power=all --advice:hw_config=all --define=__MSP430FR6989__ --define=_MPU_ENABLE -g --printf_support=minimal --diag_warning=225 --diag_wrap=off --display_error_number --silicon_errata=CPU21 --silicon_errata=CPU22 --silicon_errata=CPU40 -z -m"Final.map" --heap_size=0 --stack_size=0 --cinit_hold_wdt=on -i"C:/ti/ccs1281/ccs/ccs_base/msp430/include" -i"C:/ti/ccs1281/ccs/ccs_base/msp430/lib/5xx_6xx_FRxx" -i"C:/ti/ccs1281/ccs/ccs_base/msp430/lib/FR59xx" -i"C:/ti/ccs1281/ccs/tools/compiler/ti-cgt-msp430_21.6.1.LTS/lib" -i"C:/ti/ccs1281/ccs/tools/compiler/ti-cgt-msp430_21.6.1.LTS/include" --priority --reread_libs --define=_MPU_ENABLE --diag_wrap=off --display_error_number --warn_sections --xml_link_info="Final_linkInfo.xml" --entry_point=RESET --use_hw_mpy=F5 -o "Final.out" "./main.obj" "../lnk_msp430fr6989.cmd"  -llibmpu_init.a -llibmath.a -llibc.a 
<Linking>
Finished building target: "Final.out"
 

**** Build Finished ****

**** Build of configuration Debug for project Final ****

"C:\\ti\\ccs1281\\ccs\\utils\\bin\\gmake" -k -j 20 all -O 
 
gmake[1]: 'Final.out' is up to date.

**** Build Finished ****

**** Build of configuration Debug for project Final ****

"C:\\ti\\ccs1281\\ccs\\utils\\bin\\gmake" -k -j 20 all -O 
 
Building file: "../main.asm"
Invoking: MSP430 Compiler
"C:/ti/ccs1281/ccs/tools/compiler/ti-cgt-msp430_21.6.1.LTS/bin/cl430" -vmspx --code_model=small --data_model=small --use_hw_mpy=F5 --include_path="C:/ti/ccs1281/ccs/ccs_base/msp430/include" --include_path="C:/Users/evanm/OneDrive/Desktop/Github Projects/OSU-Classes/ECE 2560/Final" --include_path="C:/ti/ccs1281/ccs/tools/compiler/ti-cgt-msp430_21.6.1.LTS/include" --advice:power=all --advice:hw_config=all --define=__MSP430FR6989__ --define=_MPU_ENABLE -g --printf_support=minimal --diag_warning=225 --diag_wrap=off --display_error_number --silicon_errata=CPU21 --silicon_errata=CPU22 --silicon_errata=CPU40 --preproc_with_compile --preproc_dependency="main.d_raw"  "../main.asm"
Finished building: "../main.asm"
 
Building target: "Final.out"
Invoking: MSP430 Linker
"C:/ti/ccs1281/ccs/tools/compiler/ti-cgt-msp430_21.6.1.LTS/bin/cl430" -vmspx --code_model=small --data_model=small --use_hw_mpy=F5 --advice:power=all --advice:hw_config=all --define=__MSP430FR6989__ --define=_MPU_ENABLE -g --printf_support=minimal --diag_warning=225 --diag_wrap=off --display_error_number --silicon_errata=CPU21 --silicon_errata=CPU22 --silicon_errata=CPU40 -z -m"Final.map" --heap_size=0 --stack_size=0 --cinit_hold_wdt=on -i"C:/ti/ccs1281/ccs/ccs_base/msp430/include" -i"C:/ti/ccs1281/ccs/ccs_base/msp430/lib/5xx_6xx_FRxx" -i"C:/ti/ccs1281/ccs/ccs_base/msp430/lib/FR59xx" -i"C:/ti/ccs1281/ccs/tools/compiler/ti-cgt-msp430_21.6.1.LTS/lib" -i"C:/ti/ccs1281/ccs/tools/compiler/ti-cgt-msp430_21.6.1.LTS/include" --priority --reread_libs --define=_MPU_ENABLE --diag_wrap=off --display_error_number --warn_sections --xml_link_info="Final_linkInfo.xml" --entry_point=RESET --use_hw_mpy=F5 -o "Final.out" "./main.obj" "../lnk_msp430fr6989.cmd"  -llibmpu_init.a -llibmath.a -llibc.a 
<Linking>
Finished building target: "Final.out"
 

**** Build Finished ****

**** Build of configuration Debug for project Final ****

"C:\\ti\\ccs1281\\ccs\\utils\\bin\\gmake" -k -j 20 all -O 
 
gmake[1]: 'Final.out' is up to date.

**** Build Finished ****

**** Build of configuration Debug for project Final ****

"C:\\ti\\ccs1281\\ccs\\utils\\bin\\gmake" -k -j 20 all -O 
 
Building file: "../main.asm"
Invoking: MSP430 Compiler
"C:/ti/ccs1281/ccs/tools/compiler/ti-cgt-msp430_21.6.1.LTS/bin/cl430" -vmspx --code_model=small --data_model=small --use_hw_mpy=F5 --include_path="C:/ti/ccs1281/ccs/ccs_base/msp430/include" --include_path="C:/Users/evanm/OneDrive/Desktop/Github Projects/OSU-Classes/ECE 2560/Final" --include_path="C:/ti/ccs1281/ccs/tools/compiler/ti-cgt-msp430_21.6.1.LTS/include" --advice:power=all --advice:hw_config=all --define=__MSP430FR6989__ --define=_MPU_ENABLE -g --printf_support=minimal --diag_warning=225 --diag_wrap=off --display_error_number --silicon_errata=CPU21 --silicon_errata=CPU22 --silicon_errata=CPU40 --preproc_with_compile --preproc_dependency="main.d_raw"  "../main.asm"
Finished building: "../main.asm"
 
Building target: "Final.out"
Invoking: MSP430 Linker
"C:/ti/ccs1281/ccs/tools/compiler/ti-cgt-msp430_21.6.1.LTS/bin/cl430" -vmspx --code_model=small --data_model=small --use_hw_mpy=F5 --advice:power=all --advice:hw_config=all --define=__MSP430FR6989__ --define=_MPU_ENABLE -g --printf_support=minimal --diag_warning=225 --diag_wrap=off --display_error_number --silicon_errata=CPU21 --silicon_errata=CPU22 --silicon_errata=CPU40 -z -m"Final.map" --heap_size=0 --stack_size=0 --cinit_hold_wdt=on -i"C:/ti/ccs1281/ccs/ccs_base/msp430/include" -i"C:/ti/ccs1281/ccs/ccs_base/msp430/lib/5xx_6xx_FRxx" -i"C:/ti/ccs1281/ccs/ccs_base/msp430/lib/FR59xx" -i"C:/ti/ccs1281/ccs/tools/compiler/ti-cgt-msp430_21.6.1.LTS/lib" -i"C:/ti/ccs1281/ccs/tools/compiler/ti-cgt-msp430_21.6.1.LTS/include" --priority --reread_libs --define=_MPU_ENABLE --diag_wrap=off --display_error_number --warn_sections --xml_link_info="Final_linkInfo.xml" --entry_point=RESET --use_hw_mpy=F5 -o "Final.out" "./main.obj" "../lnk_msp430fr6989.cmd"  -llibmpu_init.a -llibmath.a -llibc.a 
<Linking>
Finished building target: "Final.out"
 

**** Build Finished ****

**** Build of configuration Debug for project Final ****

"C:\\ti\\ccs1281\\ccs\\utils\\bin\\gmake" -k -j 20 all -O 
 
gmake[1]: 'Final.out' is up to date.

**** Build Finished ****

**** Build of configuration Debug for project Final ****

"C:\\ti\\ccs1281\\ccs\\utils\\bin\\gmake" -k -j 20 all -O 
 
gmake[1]: 'Final.out' is up to date.

**** Build Finished ****

**** Build of configuration Debug for project Final ****

"C:\\ti\\ccs1281\\ccs\\utils\\bin\\gmake" -k -j 20 all -O 
 
gmake[1]: 'Final.out' is up to date.

**** Build Finished ****

**** Build of configuration Debug for project Final ****

"C:\\ti\\ccs1281\\ccs\\utils\\bin\\gmake" -k -j 20 all -O 
 
Building file: "../main.asm"
Invoking: MSP430 Compiler
"C:/ti/ccs1281/ccs/tools/compiler/ti-cgt-msp430_21.6.1.LTS/bin/cl430" -vmspx --code_model=small --data_model=small --use_hw_mpy=F5 --include_path="C:/ti/ccs1281/ccs/ccs_base/msp430/include" --include_path="C:/Users/evanm/OneDrive/Desktop/Github Projects/OSU-Classes/ECE 2560/Final" --include_path="C:/ti/ccs1281/ccs/tools/compiler/ti-cgt-msp430_21.6.1.LTS/include" --advice:power=all --advice:hw_config=all --define=__MSP430FR6989__ --define=_MPU_ENABLE -g --printf_support=minimal --diag_warning=225 --diag_wrap=off --display_error_number --silicon_errata=CPU21 --silicon_errata=CPU22 --silicon_errata=CPU40 --preproc_with_compile --preproc_dependency="main.d_raw"  "../main.asm"
Finished building: "../main.asm"
 
Building target: "Final.out"
Invoking: MSP430 Linker
"C:/ti/ccs1281/ccs/tools/compiler/ti-cgt-msp430_21.6.1.LTS/bin/cl430" -vmspx --code_model=small --data_model=small --use_hw_mpy=F5 --advice:power=all --advice:hw_config=all --define=__MSP430FR6989__ --define=_MPU_ENABLE -g --printf_support=minimal --diag_warning=225 --diag_wrap=off --display_error_number --silicon_errata=CPU21 --silicon_errata=CPU22 --silicon_errata=CPU40 -z -m"Final.map" --heap_size=0 --stack_size=0 --cinit_hold_wdt=on -i"C:/ti/ccs1281/ccs/ccs_base/msp430/include" -i"C:/ti/ccs1281/ccs/ccs_base/msp430/lib/5xx_6xx_FRxx" -i"C:/ti/ccs1281/ccs/ccs_base/msp430/lib/FR59xx" -i"C:/ti/ccs1281/ccs/tools/compiler/ti-cgt-msp430_21.6.1.LTS/lib" -i"C:/ti/ccs1281/ccs/tools/compiler/ti-cgt-msp430_21.6.1.LTS/include" --priority --reread_libs --define=_MPU_ENABLE --diag_wrap=off --display_error_number --warn_sections --xml_link_info="Final_linkInfo.xml" --entry_point=RESET --use_hw_mpy=F5 -o "Final.out" "./main.obj" "../lnk_msp430fr6989.cmd"  -llibmpu_init.a -llibmath.a -llibc.a 
<Linking>
Finished building target: "Final.out"
 

**** Build Finished ****

**** Build of configuration Debug for project Final ****

"C:\\ti\\ccs1281\\ccs\\utils\\bin\\gmake" -k -j 20 all -O 
 
gmake[1]: 'Final.out' is up to date.

**** Build Finished ****

**** Build of configuration Debug for project Final ****

"C:\\ti\\ccs1281\\ccs\\utils\\bin\\gmake" -k -j 20 all -O 
 
Building file: "../main.asm"
Invoking: MSP430 Compiler
"C:/ti/ccs1281/ccs/tools/compiler/ti-cgt-msp430_21.6.1.LTS/bin/cl430" -vmspx --code_model=small --data_model=small --use_hw_mpy=F5 --include_path="C:/ti/ccs1281/ccs/ccs_base/msp430/include" --include_path="C:/Users/evanm/OneDrive/Desktop/Github Projects/OSU-Classes/ECE 2560/Final" --include_path="C:/ti/ccs1281/ccs/tools/compiler/ti-cgt-msp430_21.6.1.LTS/include" --advice:power=all --advice:hw_config=all --define=__MSP430FR6989__ --define=_MPU_ENABLE -g --printf_support=minimal --diag_warning=225 --diag_wrap=off --display_error_number --silicon_errata=CPU21 --silicon_errata=CPU22 --silicon_errata=CPU40 --preproc_with_compile --preproc_dependency="main.d_raw"  "../main.asm"
Finished building: "../main.asm"
 
Building target: "Final.out"
Invoking: MSP430 Linker
"C:/ti/ccs1281/ccs/tools/compiler/ti-cgt-msp430_21.6.1.LTS/bin/cl430" -vmspx --code_model=small --data_model=small --use_hw_mpy=F5 --advice:power=all --advice:hw_config=all --define=__MSP430FR6989__ --define=_MPU_ENABLE -g --printf_support=minimal --diag_warning=225 --diag_wrap=off --display_error_number --silicon_errata=CPU21 --silicon_errata=CPU22 --silicon_errata=CPU40 -z -m"Final.map" --heap_size=0 --stack_size=0 --cinit_hold_wdt=on -i"C:/ti/ccs1281/ccs/ccs_base/msp430/include" -i"C:/ti/ccs1281/ccs/ccs_base/msp430/lib/5xx_6xx_FRxx" -i"C:/ti/ccs1281/ccs/ccs_base/msp430/lib/FR59xx" -i"C:/ti/ccs1281/ccs/tools/compiler/ti-cgt-msp430_21.6.1.LTS/lib" -i"C:/ti/ccs1281/ccs/tools/compiler/ti-cgt-msp430_21.6.1.LTS/include" --priority --reread_libs --define=_MPU_ENABLE --diag_wrap=off --display_error_number --warn_sections --xml_link_info="Final_linkInfo.xml" --entry_point=RESET --use_hw_mpy=F5 -o "Final.out" "./main.obj" "../lnk_msp430fr6989.cmd"  -llibmpu_init.a -llibmath.a -llibc.a 
<Linking>
Finished building target: "Final.out"
 

**** Build Finished ****

**** Build of configuration Debug for project Final ****

"C:\\ti\\ccs1281\\ccs\\utils\\bin\\gmake" -k -j 20 all -O 
 
gmake[1]: 'Final.out' is up to date.

**** Build Finished ****

**** Build of configuration Debug for project Final ****

"C:\\ti\\ccs1281\\ccs\\utils\\bin\\gmake" -k -j 20 all -O 
 
Building file: "../main.asm"
Invoking: MSP430 Compiler
"C:/ti/ccs1281/ccs/tools/compiler/ti-cgt-msp430_21.6.1.LTS/bin/cl430" -vmspx --code_model=small --data_model=small --use_hw_mpy=F5 --include_path="C:/ti/ccs1281/ccs/ccs_base/msp430/include" --include_path="C:/Users/evanm/OneDrive/Desktop/Github Projects/OSU-Classes/ECE 2560/Final" --include_path="C:/ti/ccs1281/ccs/tools/compiler/ti-cgt-msp430_21.6.1.LTS/include" --advice:power=all --advice:hw_config=all --define=__MSP430FR6989__ --define=_MPU_ENABLE -g --printf_support=minimal --diag_warning=225 --diag_wrap=off --display_error_number --silicon_errata=CPU21 --silicon_errata=CPU22 --silicon_errata=CPU40 --preproc_with_compile --preproc_dependency="main.d_raw"  "../main.asm"
Finished building: "../main.asm"
 
Building target: "Final.out"
Invoking: MSP430 Linker
"C:/ti/ccs1281/ccs/tools/compiler/ti-cgt-msp430_21.6.1.LTS/bin/cl430" -vmspx --code_model=small --data_model=small --use_hw_mpy=F5 --advice:power=all --advice:hw_config=all --define=__MSP430FR6989__ --define=_MPU_ENABLE -g --printf_support=minimal --diag_warning=225 --diag_wrap=off --display_error_number --silicon_errata=CPU21 --silicon_errata=CPU22 --silicon_errata=CPU40 -z -m"Final.map" --heap_size=0 --stack_size=0 --cinit_hold_wdt=on -i"C:/ti/ccs1281/ccs/ccs_base/msp430/include" -i"C:/ti/ccs1281/ccs/ccs_base/msp430/lib/5xx_6xx_FRxx" -i"C:/ti/ccs1281/ccs/ccs_base/msp430/lib/FR59xx" -i"C:/ti/ccs1281/ccs/tools/compiler/ti-cgt-msp430_21.6.1.LTS/lib" -i"C:/ti/ccs1281/ccs/tools/compiler/ti-cgt-msp430_21.6.1.LTS/include" --priority --reread_libs --define=_MPU_ENABLE --diag_wrap=off --display_error_number --warn_sections --xml_link_info="Final_linkInfo.xml" --entry_point=RESET --use_hw_mpy=F5 -o "Final.out" "./main.obj" "../lnk_msp430fr6989.cmd"  -llibmpu_init.a -llibmath.a -llibc.a 
<Linking>
Finished building target: "Final.out"
 

**** Build Finished ****

**** Build of configuration Debug for project Final ****

"C:\\ti\\ccs1281\\ccs\\utils\\bin\\gmake" -k -j 20 all -O 
 
gmake[1]: 'Final.out' is up to date.

**** Build Finished ****

**** Build of configuration Debug for project Final ****

"C:\\ti\\ccs1281\\ccs\\utils\\bin\\gmake" -k -j 20 all -O 
 
Building file: "../main.asm"
Invoking: MSP430 Compiler
"C:/ti/ccs1281/ccs/tools/compiler/ti-cgt-msp430_21.6.1.LTS/bin/cl430" -vmspx --code_model=small --data_model=small --use_hw_mpy=F5 --include_path="C:/ti/ccs1281/ccs/ccs_base/msp430/include" --include_path="C:/Users/evanm/OneDrive/Desktop/Github Projects/OSU-Classes/ECE 2560/Final" --include_path="C:/ti/ccs1281/ccs/tools/compiler/ti-cgt-msp430_21.6.1.LTS/include" --advice:power=all --advice:hw_config=all --define=__MSP430FR6989__ --define=_MPU_ENABLE -g --printf_support=minimal --diag_warning=225 --diag_wrap=off --display_error_number --silicon_errata=CPU21 --silicon_errata=CPU22 --silicon_errata=CPU40 --preproc_with_compile --preproc_dependency="main.d_raw"  "../main.asm"
Finished building: "../main.asm"
 
Building target: "Final.out"
Invoking: MSP430 Linker
"C:/ti/ccs1281/ccs/tools/compiler/ti-cgt-msp430_21.6.1.LTS/bin/cl430" -vmspx --code_model=small --data_model=small --use_hw_mpy=F5 --advice:power=all --advice:hw_config=all --define=__MSP430FR6989__ --define=_MPU_ENABLE -g --printf_support=minimal --diag_warning=225 --diag_wrap=off --display_error_number --silicon_errata=CPU21 --silicon_errata=CPU22 --silicon_errata=CPU40 -z -m"Final.map" --heap_size=0 --stack_size=0 --cinit_hold_wdt=on -i"C:/ti/ccs1281/ccs/ccs_base/msp430/include" -i"C:/ti/ccs1281/ccs/ccs_base/msp430/lib/5xx_6xx_FRxx" -i"C:/ti/ccs1281/ccs/ccs_base/msp430/lib/FR59xx" -i"C:/ti/ccs1281/ccs/tools/compiler/ti-cgt-msp430_21.6.1.LTS/lib" -i"C:/ti/ccs1281/ccs/tools/compiler/ti-cgt-msp430_21.6.1.LTS/include" --priority --reread_libs --define=_MPU_ENABLE --diag_wrap=off --display_error_number --warn_sections --xml_link_info="Final_linkInfo.xml" --entry_point=RESET --use_hw_mpy=F5 -o "Final.out" "./main.obj" "../lnk_msp430fr6989.cmd"  -llibmpu_init.a -llibmath.a -llibc.a 
<Linking>
Finished building target: "Final.out"
 

**** Build Finished ****

**** Build of configuration Debug for project Final ****

"C:\\ti\\ccs1281\\ccs\\utils\\bin\\gmake" -k -j 20 all -O 
 
gmake[1]: 'Final.out' is up to date.

**** Build Finished ****

**** Build of configuration Debug for project Final ****

"C:\\ti\\ccs1281\\ccs\\utils\\bin\\gmake" -k -j 20 all -O 
 
Building file: "../main.asm"
Invoking: MSP430 Compiler
"C:/ti/ccs1281/ccs/tools/compiler/ti-cgt-msp430_21.6.1.LTS/bin/cl430" -vmspx --code_model=small --data_model=small --use_hw_mpy=F5 --include_path="C:/ti/ccs1281/ccs/ccs_base/msp430/include" --include_path="C:/Users/evanm/OneDrive/Desktop/Github Projects/OSU-Classes/ECE 2560/Final" --include_path="C:/ti/ccs1281/ccs/tools/compiler/ti-cgt-msp430_21.6.1.LTS/include" --advice:power=all --advice:hw_config=all --define=__MSP430FR6989__ --define=_MPU_ENABLE -g --printf_support=minimal --diag_warning=225 --diag_wrap=off --display_error_number --silicon_errata=CPU21 --silicon_errata=CPU22 --silicon_errata=CPU40 --preproc_with_compile --preproc_dependency="main.d_raw"  "../main.asm"
Finished building: "../main.asm"
 
Building target: "Final.out"
Invoking: MSP430 Linker
"C:/ti/ccs1281/ccs/tools/compiler/ti-cgt-msp430_21.6.1.LTS/bin/cl430" -vmspx --code_model=small --data_model=small --use_hw_mpy=F5 --advice:power=all --advice:hw_config=all --define=__MSP430FR6989__ --define=_MPU_ENABLE -g --printf_support=minimal --diag_warning=225 --diag_wrap=off --display_error_number --silicon_errata=CPU21 --silicon_errata=CPU22 --silicon_errata=CPU40 -z -m"Final.map" --heap_size=0 --stack_size=0 --cinit_hold_wdt=on -i"C:/ti/ccs1281/ccs/ccs_base/msp430/include" -i"C:/ti/ccs1281/ccs/ccs_base/msp430/lib/5xx_6xx_FRxx" -i"C:/ti/ccs1281/ccs/ccs_base/msp430/lib/FR59xx" -i"C:/ti/ccs1281/ccs/tools/compiler/ti-cgt-msp430_21.6.1.LTS/lib" -i"C:/ti/ccs1281/ccs/tools/compiler/ti-cgt-msp430_21.6.1.LTS/include" --priority --reread_libs --define=_MPU_ENABLE --diag_wrap=off --display_error_number --warn_sections --xml_link_info="Final_linkInfo.xml" --entry_point=RESET --use_hw_mpy=F5 -o "Final.out" "./main.obj" "../lnk_msp430fr6989.cmd"  -llibmpu_init.a -llibmath.a -llibc.a 
<Linking>
Finished building target: "Final.out"
 

**** Build Finished ****

**** Build of configuration Debug for project Final ****

"C:\\ti\\ccs1281\\ccs\\utils\\bin\\gmake" -k -j 20 all -O 
 
gmake[1]: 'Final.out' is up to date.

**** Build Finished ****

**** Build of configuration Debug for project Final ****

"C:\\ti\\ccs1281\\ccs\\utils\\bin\\gmake" -k -j 20 all -O 
 
Building file: "../main.asm"
Invoking: MSP430 Compiler
"C:/ti/ccs1281/ccs/tools/compiler/ti-cgt-msp430_21.6.1.LTS/bin/cl430" -vmspx --code_model=small --data_model=small --use_hw_mpy=F5 --include_path="C:/ti/ccs1281/ccs/ccs_base/msp430/include" --include_path="C:/Users/evanm/OneDrive/Desktop/Github Projects/OSU-Classes/ECE 2560/Final" --include_path="C:/ti/ccs1281/ccs/tools/compiler/ti-cgt-msp430_21.6.1.LTS/include" --advice:power=all --advice:hw_config=all --define=__MSP430FR6989__ --define=_MPU_ENABLE -g --printf_support=minimal --diag_warning=225 --diag_wrap=off --display_error_number --silicon_errata=CPU21 --silicon_errata=CPU22 --silicon_errata=CPU40 --preproc_with_compile --preproc_dependency="main.d_raw"  "../main.asm"
Finished building: "../main.asm"
 
Building target: "Final.out"
Invoking: MSP430 Linker
"C:/ti/ccs1281/ccs/tools/compiler/ti-cgt-msp430_21.6.1.LTS/bin/cl430" -vmspx --code_model=small --data_model=small --use_hw_mpy=F5 --advice:power=all --advice:hw_config=all --define=__MSP430FR6989__ --define=_MPU_ENABLE -g --printf_support=minimal --diag_warning=225 --diag_wrap=off --display_error_number --silicon_errata=CPU21 --silicon_errata=CPU22 --silicon_errata=CPU40 -z -m"Final.map" --heap_size=0 --stack_size=0 --cinit_hold_wdt=on -i"C:/ti/ccs1281/ccs/ccs_base/msp430/include" -i"C:/ti/ccs1281/ccs/ccs_base/msp430/lib/5xx_6xx_FRxx" -i"C:/ti/ccs1281/ccs/ccs_base/msp430/lib/FR59xx" -i"C:/ti/ccs1281/ccs/tools/compiler/ti-cgt-msp430_21.6.1.LTS/lib" -i"C:/ti/ccs1281/ccs/tools/compiler/ti-cgt-msp430_21.6.1.LTS/include" --priority --reread_libs --define=_MPU_ENABLE --diag_wrap=off --display_error_number --warn_sections --xml_link_info="Final_linkInfo.xml" --entry_point=RESET --use_hw_mpy=F5 -o "Final.out" "./main.obj" "../lnk_msp430fr6989.cmd"  -llibmpu_init.a -llibmath.a -llibc.a 
<Linking>
Finished building target: "Final.out"
 

**** Build Finished ****

**** Build of configuration Debug for project Final ****

"C:\\ti\\ccs1281\\ccs\\utils\\bin\\gmake" -k -j 20 all -O 
 
gmake[1]: 'Final.out' is up to date.

**** Build Finished ****

**** Build of configuration Debug for project Final ****

"C:\\ti\\ccs1281\\ccs\\utils\\bin\\gmake" -k -j 20 all -O 
 
Building file: "../main.asm"
Invoking: MSP430 Compiler
"C:/ti/ccs1281/ccs/tools/compiler/ti-cgt-msp430_21.6.1.LTS/bin/cl430" -vmspx --code_model=small --data_model=small --use_hw_mpy=F5 --include_path="C:/ti/ccs1281/ccs/ccs_base/msp430/include" --include_path="C:/Users/evanm/OneDrive/Desktop/Github Projects/OSU-Classes/ECE 2560/Final" --include_path="C:/ti/ccs1281/ccs/tools/compiler/ti-cgt-msp430_21.6.1.LTS/include" --advice:power=all --advice:hw_config=all --define=__MSP430FR6989__ --define=_MPU_ENABLE -g --printf_support=minimal --diag_warning=225 --diag_wrap=off --display_error_number --silicon_errata=CPU21 --silicon_errata=CPU22 --silicon_errata=CPU40 --preproc_with_compile --preproc_dependency="main.d_raw"  "../main.asm"
Finished building: "../main.asm"
 
Building target: "Final.out"
Invoking: MSP430 Linker
"C:/ti/ccs1281/ccs/tools/compiler/ti-cgt-msp430_21.6.1.LTS/bin/cl430" -vmspx --code_model=small --data_model=small --use_hw_mpy=F5 --advice:power=all --advice:hw_config=all --define=__MSP430FR6989__ --define=_MPU_ENABLE -g --printf_support=minimal --diag_warning=225 --diag_wrap=off --display_error_number --silicon_errata=CPU21 --silicon_errata=CPU22 --silicon_errata=CPU40 -z -m"Final.map" --heap_size=0 --stack_size=0 --cinit_hold_wdt=on -i"C:/ti/ccs1281/ccs/ccs_base/msp430/include" -i"C:/ti/ccs1281/ccs/ccs_base/msp430/lib/5xx_6xx_FRxx" -i"C:/ti/ccs1281/ccs/ccs_base/msp430/lib/FR59xx" -i"C:/ti/ccs1281/ccs/tools/compiler/ti-cgt-msp430_21.6.1.LTS/lib" -i"C:/ti/ccs1281/ccs/tools/compiler/ti-cgt-msp430_21.6.1.LTS/include" --priority --reread_libs --define=_MPU_ENABLE --diag_wrap=off --display_error_number --warn_sections --xml_link_info="Final_linkInfo.xml" --entry_point=RESET --use_hw_mpy=F5 -o "Final.out" "./main.obj" "../lnk_msp430fr6989.cmd"  -llibmpu_init.a -llibmath.a -llibc.a 
<Linking>
Finished building target: "Final.out"
 

**** Build Finished ****

**** Build of configuration Debug for project Final ****

"C:\\ti\\ccs1281\\ccs\\utils\\bin\\gmake" -k -j 20 all -O 
 
gmake[1]: 'Final.out' is up to date.

**** Build Finished ****

**** Build of configuration Debug for project Midterm2_extra ****

"C:\\ti\\ccs1281\\ccs\\utils\\bin\\gmake" -k -j 20 all -O 
 
Building file: "../main.asm"
Invoking: MSP430 Compiler
"C:/ti/ccs1281/ccs/tools/compiler/ti-cgt-msp430_21.6.1.LTS/bin/cl430" -vmspx --code_model=small --data_model=small --use_hw_mpy=F5 --include_path="C:/ti/ccs1281/ccs/ccs_base/msp430/include" --include_path="C:/Users/evanm/OneDrive/Desktop/Github Projects/OSU-Classes/ECE 2560/Midterm2_extra" --include_path="C:/ti/ccs1281/ccs/tools/compiler/ti-cgt-msp430_21.6.1.LTS/include" --advice:power=all --advice:hw_config=all --define=__MSP430FR6989__ --define=_MPU_ENABLE -g --printf_support=minimal --diag_warning=225 --diag_wrap=off --display_error_number --silicon_errata=CPU21 --silicon_errata=CPU22 --silicon_errata=CPU40 --preproc_with_compile --preproc_dependency="main.d_raw"  "../main.asm"
Finished building: "../main.asm"
 
Building target: "Midterm2_extra.out"
Invoking: MSP430 Linker
"C:/ti/ccs1281/ccs/tools/compiler/ti-cgt-msp430_21.6.1.LTS/bin/cl430" -vmspx --code_model=small --data_model=small --use_hw_mpy=F5 --advice:power=all --advice:hw_config=all --define=__MSP430FR6989__ --define=_MPU_ENABLE -g --printf_support=minimal --diag_warning=225 --diag_wrap=off --display_error_number --silicon_errata=CPU21 --silicon_errata=CPU22 --silicon_errata=CPU40 -z -m"Midterm2_extra.map" --heap_size=0 --stack_size=0 --cinit_hold_wdt=on -i"C:/ti/ccs1281/ccs/ccs_base/msp430/include" -i"C:/ti/ccs1281/ccs/ccs_base/msp430/lib/5xx_6xx_FRxx" -i"C:/ti/ccs1281/ccs/ccs_base/msp430/lib/FR59xx" -i"C:/ti/ccs1281/ccs/tools/compiler/ti-cgt-msp430_21.6.1.LTS/lib" -i"C:/ti/ccs1281/ccs/tools/compiler/ti-cgt-msp430_21.6.1.LTS/include" --priority --reread_libs --define=_MPU_ENABLE --diag_wrap=off --display_error_number --warn_sections --xml_link_info="Midterm2_extra_linkInfo.xml" --entry_point=RESET --use_hw_mpy=F5 -o "Midterm2_extra.out" "./main.obj" "../lnk_msp430fr6989.cmd"  -llibmpu_init.a -llibmath.a -llibc.a 
<Linking>
Finished building target: "Midterm2_extra.out"
 

**** Build Finished ****

**** Build of configuration Debug for project Midterm2_extra ****

"C:\\ti\\ccs1281\\ccs\\utils\\bin\\gmake" -k -j 20 all -O 
 
gmake[1]: 'Midterm2_extra.out' is up to date.

**** Build Finished ****

**** Build of configuration Debug for project Final ****

"C:\\ti\\ccs1281\\ccs\\utils\\bin\\gmake" -k -j 20 all -O 
 
Building file: "../main.asm"
Invoking: MSP430 Compiler
"C:/ti/ccs1281/ccs/tools/compiler/ti-cgt-msp430_21.6.1.LTS/bin/cl430" -vmspx --code_model=small --data_model=small --use_hw_mpy=F5 --include_path="C:/ti/ccs1281/ccs/ccs_base/msp430/include" --include_path="C:/Users/evanm/OneDrive/Desktop/Github Projects/OSU-Classes/ECE 2560/Final" --include_path="C:/ti/ccs1281/ccs/tools/compiler/ti-cgt-msp430_21.6.1.LTS/include" --advice:power=all --advice:hw_config=all --define=__MSP430FR6989__ --define=_MPU_ENABLE -g --printf_support=minimal --diag_warning=225 --diag_wrap=off --display_error_number --silicon_errata=CPU21 --silicon_errata=CPU22 --silicon_errata=CPU40 --preproc_with_compile --preproc_dependency="main.d_raw"  "../main.asm"
Finished building: "../main.asm"
 
Building target: "Final.out"
Invoking: MSP430 Linker
"C:/ti/ccs1281/ccs/tools/compiler/ti-cgt-msp430_21.6.1.LTS/bin/cl430" -vmspx --code_model=small --data_model=small --use_hw_mpy=F5 --advice:power=all --advice:hw_config=all --define=__MSP430FR6989__ --define=_MPU_ENABLE -g --printf_support=minimal --diag_warning=225 --diag_wrap=off --display_error_number --silicon_errata=CPU21 --silicon_errata=CPU22 --silicon_errata=CPU40 -z -m"Final.map" --heap_size=0 --stack_size=0 --cinit_hold_wdt=on -i"C:/ti/ccs1281/ccs/ccs_base/msp430/include" -i"C:/ti/ccs1281/ccs/ccs_base/msp430/lib/5xx_6xx_FRxx" -i"C:/ti/ccs1281/ccs/ccs_base/msp430/lib/FR59xx" -i"C:/ti/ccs1281/ccs/tools/compiler/ti-cgt-msp430_21.6.1.LTS/lib" -i"C:/ti/ccs1281/ccs/tools/compiler/ti-cgt-msp430_21.6.1.LTS/include" --priority --reread_libs --define=_MPU_ENABLE --diag_wrap=off --display_error_number --warn_sections --xml_link_info="Final_linkInfo.xml" --entry_point=RESET --use_hw_mpy=F5 -o "Final.out" "./main.obj" "../lnk_msp430fr6989.cmd"  -llibmpu_init.a -llibmath.a -llibc.a 
<Linking>
Finished building target: "Final.out"
 

**** Build Finished ****

**** Build of configuration Debug for project Final ****

"C:\\ti\\ccs1281\\ccs\\utils\\bin\\gmake" -k -j 20 all -O 
 
gmake[1]: 'Final.out' is up to date.

**** Build Finished ****

**** Build of configuration Debug for project Final ****

"C:\\ti\\ccs1281\\ccs\\utils\\bin\\gmake" -k -j 20 all -O 
 
Building file: "../main.asm"
Invoking: MSP430 Compiler
"C:/ti/ccs1281/ccs/tools/compiler/ti-cgt-msp430_21.6.1.LTS/bin/cl430" -vmspx --code_model=small --data_model=small --use_hw_mpy=F5 --include_path="C:/ti/ccs1281/ccs/ccs_base/msp430/include" --include_path="C:/Users/evanm/OneDrive/Desktop/Github Projects/OSU-Classes/ECE 2560/Final" --include_path="C:/ti/ccs1281/ccs/tools/compiler/ti-cgt-msp430_21.6.1.LTS/include" --advice:power=all --advice:hw_config=all --define=__MSP430FR6989__ --define=_MPU_ENABLE -g --printf_support=minimal --diag_warning=225 --diag_wrap=off --display_error_number --silicon_errata=CPU21 --silicon_errata=CPU22 --silicon_errata=CPU40 --preproc_with_compile --preproc_dependency="main.d_raw"  "../main.asm"
Finished building: "../main.asm"
 
Building target: "Final.out"
Invoking: MSP430 Linker
"C:/ti/ccs1281/ccs/tools/compiler/ti-cgt-msp430_21.6.1.LTS/bin/cl430" -vmspx --code_model=small --data_model=small --use_hw_mpy=F5 --advice:power=all --advice:hw_config=all --define=__MSP430FR6989__ --define=_MPU_ENABLE -g --printf_support=minimal --diag_warning=225 --diag_wrap=off --display_error_number --silicon_errata=CPU21 --silicon_errata=CPU22 --silicon_errata=CPU40 -z -m"Final.map" --heap_size=0 --stack_size=0 --cinit_hold_wdt=on -i"C:/ti/ccs1281/ccs/ccs_base/msp430/include" -i"C:/ti/ccs1281/ccs/ccs_base/msp430/lib/5xx_6xx_FRxx" -i"C:/ti/ccs1281/ccs/ccs_base/msp430/lib/FR59xx" -i"C:/ti/ccs1281/ccs/tools/compiler/ti-cgt-msp430_21.6.1.LTS/lib" -i"C:/ti/ccs1281/ccs/tools/compiler/ti-cgt-msp430_21.6.1.LTS/include" --priority --reread_libs --define=_MPU_ENABLE --diag_wrap=off --display_error_number --warn_sections --xml_link_info="Final_linkInfo.xml" --entry_point=RESET --use_hw_mpy=F5 -o "Final.out" "./main.obj" "../lnk_msp430fr6989.cmd"  -llibmpu_init.a -llibmath.a -llibc.a 
<Linking>
Finished building target: "Final.out"
 

**** Build Finished ****

**** Build of configuration Debug for project Final ****

"C:\\ti\\ccs1281\\ccs\\utils\\bin\\gmake" -k -j 20 all -O 
 
gmake[1]: 'Final.out' is up to date.

**** Build Finished ****

**** Build of configuration Debug for project Final ****

"C:\\ti\\ccs1281\\ccs\\utils\\bin\\gmake" -k -j 20 all -O 
 
Building file: "../main.asm"
Invoking: MSP430 Compiler
"C:/ti/ccs1281/ccs/tools/compiler/ti-cgt-msp430_21.6.1.LTS/bin/cl430" -vmspx --code_model=small --data_model=small --use_hw_mpy=F5 --include_path="C:/ti/ccs1281/ccs/ccs_base/msp430/include" --include_path="C:/Users/evanm/OneDrive/Desktop/Github Projects/OSU-Classes/ECE 2560/Final" --include_path="C:/ti/ccs1281/ccs/tools/compiler/ti-cgt-msp430_21.6.1.LTS/include" --advice:power=all --advice:hw_config=all --define=__MSP430FR6989__ --define=_MPU_ENABLE -g --printf_support=minimal --diag_warning=225 --diag_wrap=off --display_error_number --silicon_errata=CPU21 --silicon_errata=CPU22 --silicon_errata=CPU40 --preproc_with_compile --preproc_dependency="main.d_raw"  "../main.asm"
13 Assembly Errors, No Assembly Warnings
 
>> Compilation failure
subdir_rules.mk:9: recipe for target 'main.obj' failed
"../main.asm", ERROR!   at line 62: [E0001] Undefined symbol
	            jmp     red_Toggle					; Red OFF
 
"../main.asm", ERROR!   at line 63: [E0001] Undefined symbol
	            jmp     red_Toggle					; Red ON
 
"../main.asm", ERROR!   at line 64: [E0001] Undefined symbol
	            jmp		red_Toggle					; Red OFF
 
"../main.asm", ERROR!   at line 65: [E0001] Undefined symbol
	            jmp 	green_Toggle				; Green ON
 
"../main.asm", ERROR!   at line 66: [E0001] Undefined symbol
	            jmp 	green_Toggle				; Green OFF
 
"../main.asm", ERROR!   at line 67: [E0001] Undefined symbol
	            jmp 	green_Toggle				; Green ON
 
"../main.asm", ERROR!   at line 68: [E0001] Undefined symbol
	            jmp 	green_Toggle				; Green OFF
 
"../main.asm", ERROR!   at line 70: [E0002] Illegal mnemonic specified
	 red_Toggle:
 
"../main.asm", ERROR!   at line 72: [E0001] Undefined symbol
	            jmp     ret_ISR
 
"../main.asm", ERROR!   at line 74: [E0002] Illegal mnemonic specified
	 green_Toggle:
 
"../main.asm", ERROR!   at line 76: [E0001] Undefined symbol
	 			jmp 	ret_ISR
 
"../main.asm", ERROR!   at line 78: [E0002] Illegal mnemonic specified
	 ret_ISR:
 
"../main.asm", ERROR!   at EOF: [E0300] The following symbols are undefined:
  ret_ISR
  red_Toggle
  green_Toggle
 
Errors in Source - Assembler Aborted
gmake: *** [main.obj] Error 1
gmake: Target 'all' not remade because of errors.

**** Build Finished ****

**** Build of configuration Debug for project Final ****

"C:\\ti\\ccs1281\\ccs\\utils\\bin\\gmake" -k -j 20 all -O 
 
Building file: "../main.asm"
Invoking: MSP430 Compiler
"C:/ti/ccs1281/ccs/tools/compiler/ti-cgt-msp430_21.6.1.LTS/bin/cl430" -vmspx --code_model=small --data_model=small --use_hw_mpy=F5 --include_path="C:/ti/ccs1281/ccs/ccs_base/msp430/include" --include_path="C:/Users/evanm/OneDrive/Desktop/Github Projects/OSU-Classes/ECE 2560/Final" --include_path="C:/ti/ccs1281/ccs/tools/compiler/ti-cgt-msp430_21.6.1.LTS/include" --advice:power=all --advice:hw_config=all --define=__MSP430FR6989__ --define=_MPU_ENABLE -g --printf_support=minimal --diag_warning=225 --diag_wrap=off --display_error_number --silicon_errata=CPU21 --silicon_errata=CPU22 --silicon_errata=CPU40 --preproc_with_compile --preproc_dependency="main.d_raw"  "../main.asm"
Finished building: "../main.asm"
 
Building target: "Final.out"
Invoking: MSP430 Linker
"C:/ti/ccs1281/ccs/tools/compiler/ti-cgt-msp430_21.6.1.LTS/bin/cl430" -vmspx --code_model=small --data_model=small --use_hw_mpy=F5 --advice:power=all --advice:hw_config=all --define=__MSP430FR6989__ --define=_MPU_ENABLE -g --printf_support=minimal --diag_warning=225 --diag_wrap=off --display_error_number --silicon_errata=CPU21 --silicon_errata=CPU22 --silicon_errata=CPU40 -z -m"Final.map" --heap_size=0 --stack_size=0 --cinit_hold_wdt=on -i"C:/ti/ccs1281/ccs/ccs_base/msp430/include" -i"C:/ti/ccs1281/ccs/ccs_base/msp430/lib/5xx_6xx_FRxx" -i"C:/ti/ccs1281/ccs/ccs_base/msp430/lib/FR59xx" -i"C:/ti/ccs1281/ccs/tools/compiler/ti-cgt-msp430_21.6.1.LTS/lib" -i"C:/ti/ccs1281/ccs/tools/compiler/ti-cgt-msp430_21.6.1.LTS/include" --priority --reread_libs --define=_MPU_ENABLE --diag_wrap=off --display_error_number --warn_sections --xml_link_info="Final_linkInfo.xml" --entry_point=RESET --use_hw_mpy=F5 -o "Final.out" "./main.obj" "../lnk_msp430fr6989.cmd"  -llibmpu_init.a -llibmath.a -llibc.a 
<Linking>
Finished building target: "Final.out"
 

**** Build Finished ****

**** Build of configuration Debug for project Final ****

"C:\\ti\\ccs1281\\ccs\\utils\\bin\\gmake" -k -j 20 all -O 
 
gmake[1]: 'Final.out' is up to date.

**** Build Finished ****

**** Build of configuration Debug for project Final ****

"C:\\ti\\ccs1281\\ccs\\utils\\bin\\gmake" -k -j 20 all -O 
 
gmake[1]: 'Final.out' is up to date.

**** Build Finished ****

**** Build of configuration Debug for project Final ****

"C:\\ti\\ccs1281\\ccs\\utils\\bin\\gmake" -k -j 20 all -O 
 
gmake[1]: 'Final.out' is up to date.

**** Build Finished ****

**** Build of configuration Debug for project Final ****

"C:\\ti\\ccs1281\\ccs\\utils\\bin\\gmake" -k -j 20 all -O 
 
Building file: "../main.asm"
Invoking: MSP430 Compiler
"C:/ti/ccs1281/ccs/tools/compiler/ti-cgt-msp430_21.6.1.LTS/bin/cl430" -vmspx --code_model=small --data_model=small --use_hw_mpy=F5 --include_path="C:/ti/ccs1281/ccs/ccs_base/msp430/include" --include_path="C:/Users/evanm/OneDrive/Desktop/Github Projects/OSU-Classes/ECE 2560/Final" --include_path="C:/ti/ccs1281/ccs/tools/compiler/ti-cgt-msp430_21.6.1.LTS/include" --advice:power=all --advice:hw_config=all --define=__MSP430FR6989__ --define=_MPU_ENABLE -g --printf_support=minimal --diag_warning=225 --diag_wrap=off --display_error_number --silicon_errata=CPU21 --silicon_errata=CPU22 --silicon_errata=CPU40 --preproc_with_compile --preproc_dependency="main.d_raw"  "../main.asm"
Finished building: "../main.asm"
 
Building target: "Final.out"
Invoking: MSP430 Linker
"C:/ti/ccs1281/ccs/tools/compiler/ti-cgt-msp430_21.6.1.LTS/bin/cl430" -vmspx --code_model=small --data_model=small --use_hw_mpy=F5 --advice:power=all --advice:hw_config=all --define=__MSP430FR6989__ --define=_MPU_ENABLE -g --printf_support=minimal --diag_warning=225 --diag_wrap=off --display_error_number --silicon_errata=CPU21 --silicon_errata=CPU22 --silicon_errata=CPU40 -z -m"Final.map" --heap_size=0 --stack_size=0 --cinit_hold_wdt=on -i"C:/ti/ccs1281/ccs/ccs_base/msp430/include" -i"C:/ti/ccs1281/ccs/ccs_base/msp430/lib/5xx_6xx_FRxx" -i"C:/ti/ccs1281/ccs/ccs_base/msp430/lib/FR59xx" -i"C:/ti/ccs1281/ccs/tools/compiler/ti-cgt-msp430_21.6.1.LTS/lib" -i"C:/ti/ccs1281/ccs/tools/compiler/ti-cgt-msp430_21.6.1.LTS/include" --priority --reread_libs --define=_MPU_ENABLE --diag_wrap=off --display_error_number --warn_sections --xml_link_info="Final_linkInfo.xml" --entry_point=RESET --use_hw_mpy=F5 -o "Final.out" "./main.obj" "../lnk_msp430fr6989.cmd"  -llibmpu_init.a -llibmath.a -llibc.a 
<Linking>
Finished building target: "Final.out"
 

**** Build Finished ****

**** Build of configuration Debug for project Final ****

"C:\\ti\\ccs1281\\ccs\\utils\\bin\\gmake" -k -j 20 all -O 
 
gmake[1]: 'Final.out' is up to date.

**** Build Finished ****

**** Build of configuration Debug for project Final ****

"C:\\ti\\ccs1281\\ccs\\utils\\bin\\gmake" -k -j 20 all -O 
 
Building file: "../main.asm"
Invoking: MSP430 Compiler
"C:/ti/ccs1281/ccs/tools/compiler/ti-cgt-msp430_21.6.1.LTS/bin/cl430" -vmspx --code_model=small --data_model=small --use_hw_mpy=F5 --include_path="C:/ti/ccs1281/ccs/ccs_base/msp430/include" --include_path="C:/Users/evanm/OneDrive/Desktop/Github Projects/OSU-Classes/ECE 2560/Final" --include_path="C:/ti/ccs1281/ccs/tools/compiler/ti-cgt-msp430_21.6.1.LTS/include" --advice:power=all --advice:hw_config=all --define=__MSP430FR6989__ --define=_MPU_ENABLE -g --printf_support=minimal --diag_warning=225 --diag_wrap=off --display_error_number --silicon_errata=CPU21 --silicon_errata=CPU22 --silicon_errata=CPU40 --preproc_with_compile --preproc_dependency="main.d_raw"  "../main.asm"
Finished building: "../main.asm"
 
Building target: "Final.out"
Invoking: MSP430 Linker
"C:/ti/ccs1281/ccs/tools/compiler/ti-cgt-msp430_21.6.1.LTS/bin/cl430" -vmspx --code_model=small --data_model=small --use_hw_mpy=F5 --advice:power=all --advice:hw_config=all --define=__MSP430FR6989__ --define=_MPU_ENABLE -g --printf_support=minimal --diag_warning=225 --diag_wrap=off --display_error_number --silicon_errata=CPU21 --silicon_errata=CPU22 --silicon_errata=CPU40 -z -m"Final.map" --heap_size=0 --stack_size=0 --cinit_hold_wdt=on -i"C:/ti/ccs1281/ccs/ccs_base/msp430/include" -i"C:/ti/ccs1281/ccs/ccs_base/msp430/lib/5xx_6xx_FRxx" -i"C:/ti/ccs1281/ccs/ccs_base/msp430/lib/FR59xx" -i"C:/ti/ccs1281/ccs/tools/compiler/ti-cgt-msp430_21.6.1.LTS/lib" -i"C:/ti/ccs1281/ccs/tools/compiler/ti-cgt-msp430_21.6.1.LTS/include" --priority --reread_libs --define=_MPU_ENABLE --diag_wrap=off --display_error_number --warn_sections --xml_link_info="Final_linkInfo.xml" --entry_point=RESET --use_hw_mpy=F5 -o "Final.out" "./main.obj" "../lnk_msp430fr6989.cmd"  -llibmpu_init.a -llibmath.a -llibc.a 
<Linking>
Finished building target: "Final.out"
 

**** Build Finished ****

**** Build of configuration Debug for project Final ****

"C:\\ti\\ccs1281\\ccs\\utils\\bin\\gmake" -k -j 20 all -O 
 
gmake[1]: 'Final.out' is up to date.

**** Build Finished ****

**** Build of configuration Debug for project Final ****

"C:\\ti\\ccs1281\\ccs\\utils\\bin\\gmake" -k -j 20 all -O 
 
Building file: "../main.asm"
Invoking: MSP430 Compiler
"C:/ti/ccs1281/ccs/tools/compiler/ti-cgt-msp430_21.6.1.LTS/bin/cl430" -vmspx --code_model=small --data_model=small --use_hw_mpy=F5 --include_path="C:/ti/ccs1281/ccs/ccs_base/msp430/include" --include_path="C:/Users/evanm/OneDrive/Desktop/Github Projects/OSU-Classes/ECE 2560/Final" --include_path="C:/ti/ccs1281/ccs/tools/compiler/ti-cgt-msp430_21.6.1.LTS/include" --advice:power=all --advice:hw_config=all --define=__MSP430FR6989__ --define=_MPU_ENABLE -g --printf_support=minimal --diag_warning=225 --diag_wrap=off --display_error_number --silicon_errata=CPU21 --silicon_errata=CPU22 --silicon_errata=CPU40 --preproc_with_compile --preproc_dependency="main.d_raw"  "../main.asm"
Finished building: "../main.asm"
 
Building target: "Final.out"
Invoking: MSP430 Linker
"C:/ti/ccs1281/ccs/tools/compiler/ti-cgt-msp430_21.6.1.LTS/bin/cl430" -vmspx --code_model=small --data_model=small --use_hw_mpy=F5 --advice:power=all --advice:hw_config=all --define=__MSP430FR6989__ --define=_MPU_ENABLE -g --printf_support=minimal --diag_warning=225 --diag_wrap=off --display_error_number --silicon_errata=CPU21 --silicon_errata=CPU22 --silicon_errata=CPU40 -z -m"Final.map" --heap_size=0 --stack_size=0 --cinit_hold_wdt=on -i"C:/ti/ccs1281/ccs/ccs_base/msp430/include" -i"C:/ti/ccs1281/ccs/ccs_base/msp430/lib/5xx_6xx_FRxx" -i"C:/ti/ccs1281/ccs/ccs_base/msp430/lib/FR59xx" -i"C:/ti/ccs1281/ccs/tools/compiler/ti-cgt-msp430_21.6.1.LTS/lib" -i"C:/ti/ccs1281/ccs/tools/compiler/ti-cgt-msp430_21.6.1.LTS/include" --priority --reread_libs --define=_MPU_ENABLE --diag_wrap=off --display_error_number --warn_sections --xml_link_info="Final_linkInfo.xml" --entry_point=RESET --use_hw_mpy=F5 -o "Final.out" "./main.obj" "../lnk_msp430fr6989.cmd"  -llibmpu_init.a -llibmath.a -llibc.a 
<Linking>
Finished building target: "Final.out"
 

**** Build Finished ****

**** Build of configuration Debug for project Final ****

"C:\\ti\\ccs1281\\ccs\\utils\\bin\\gmake" -k -j 20 all -O 
 
gmake[1]: 'Final.out' is up to date.

**** Build Finished ****

**** Build of configuration Debug for project Midterm2_extra ****

"C:\\ti\\ccs1281\\ccs\\utils\\bin\\gmake" -k -j 20 all -O 
 
Building file: "../main.asm"
Invoking: MSP430 Compiler
"C:/ti/ccs1281/ccs/tools/compiler/ti-cgt-msp430_21.6.1.LTS/bin/cl430" -vmspx --code_model=small --data_model=small --use_hw_mpy=F5 --include_path="C:/ti/ccs1281/ccs/ccs_base/msp430/include" --include_path="C:/Users/evanm/OneDrive/Desktop/Github Projects/OSU-Classes/ECE 2560/Midterm2_extra" --include_path="C:/ti/ccs1281/ccs/tools/compiler/ti-cgt-msp430_21.6.1.LTS/include" --advice:power=all --advice:hw_config=all --define=__MSP430FR6989__ --define=_MPU_ENABLE -g --printf_support=minimal --diag_warning=225 --diag_wrap=off --display_error_number --silicon_errata=CPU21 --silicon_errata=CPU22 --silicon_errata=CPU40 --preproc_with_compile --preproc_dependency="main.d_raw"  "../main.asm"
Finished building: "../main.asm"
 
Building target: "Midterm2_extra.out"
Invoking: MSP430 Linker
"C:/ti/ccs1281/ccs/tools/compiler/ti-cgt-msp430_21.6.1.LTS/bin/cl430" -vmspx --code_model=small --data_model=small --use_hw_mpy=F5 --advice:power=all --advice:hw_config=all --define=__MSP430FR6989__ --define=_MPU_ENABLE -g --printf_support=minimal --diag_warning=225 --diag_wrap=off --display_error_number --silicon_errata=CPU21 --silicon_errata=CPU22 --silicon_errata=CPU40 -z -m"Midterm2_extra.map" --heap_size=0 --stack_size=0 --cinit_hold_wdt=on -i"C:/ti/ccs1281/ccs/ccs_base/msp430/include" -i"C:/ti/ccs1281/ccs/ccs_base/msp430/lib/5xx_6xx_FRxx" -i"C:/ti/ccs1281/ccs/ccs_base/msp430/lib/FR59xx" -i"C:/ti/ccs1281/ccs/tools/compiler/ti-cgt-msp430_21.6.1.LTS/lib" -i"C:/ti/ccs1281/ccs/tools/compiler/ti-cgt-msp430_21.6.1.LTS/include" --priority --reread_libs --define=_MPU_ENABLE --diag_wrap=off --display_error_number --warn_sections --xml_link_info="Midterm2_extra_linkInfo.xml" --entry_point=RESET --use_hw_mpy=F5 -o "Midterm2_extra.out" "./main.obj" "../lnk_msp430fr6989.cmd"  -llibmpu_init.a -llibmath.a -llibc.a 
<Linking>
Finished building target: "Midterm2_extra.out"
 

**** Build Finished ****

**** Build of configuration Debug for project Midterm2_extra ****

"C:\\ti\\ccs1281\\ccs\\utils\\bin\\gmake" -k -j 20 all -O 
 
gmake[1]: 'Midterm2_extra.out' is up to date.

**** Build Finished ****

**** Build of configuration Debug for project Midterm2_extra ****

"C:\\ti\\ccs1281\\ccs\\utils\\bin\\gmake" -k -j 20 all -O 
 
Building file: "../main.asm"
Invoking: MSP430 Compiler
"C:/ti/ccs1281/ccs/tools/compiler/ti-cgt-msp430_21.6.1.LTS/bin/cl430" -vmspx --code_model=small --data_model=small --use_hw_mpy=F5 --include_path="C:/ti/ccs1281/ccs/ccs_base/msp430/include" --include_path="C:/Users/evanm/OneDrive/Desktop/Github Projects/OSU-Classes/ECE 2560/Midterm2_extra" --include_path="C:/ti/ccs1281/ccs/tools/compiler/ti-cgt-msp430_21.6.1.LTS/include" --advice:power=all --advice:hw_config=all --define=__MSP430FR6989__ --define=_MPU_ENABLE -g --printf_support=minimal --diag_warning=225 --diag_wrap=off --display_error_number --silicon_errata=CPU21 --silicon_errata=CPU22 --silicon_errata=CPU40 --preproc_with_compile --preproc_dependency="main.d_raw"  "../main.asm"
Finished building: "../main.asm"
 
Building target: "Midterm2_extra.out"
Invoking: MSP430 Linker
"C:/ti/ccs1281/ccs/tools/compiler/ti-cgt-msp430_21.6.1.LTS/bin/cl430" -vmspx --code_model=small --data_model=small --use_hw_mpy=F5 --advice:power=all --advice:hw_config=all --define=__MSP430FR6989__ --define=_MPU_ENABLE -g --printf_support=minimal --diag_warning=225 --diag_wrap=off --display_error_number --silicon_errata=CPU21 --silicon_errata=CPU22 --silicon_errata=CPU40 -z -m"Midterm2_extra.map" --heap_size=0 --stack_size=0 --cinit_hold_wdt=on -i"C:/ti/ccs1281/ccs/ccs_base/msp430/include" -i"C:/ti/ccs1281/ccs/ccs_base/msp430/lib/5xx_6xx_FRxx" -i"C:/ti/ccs1281/ccs/ccs_base/msp430/lib/FR59xx" -i"C:/ti/ccs1281/ccs/tools/compiler/ti-cgt-msp430_21.6.1.LTS/lib" -i"C:/ti/ccs1281/ccs/tools/compiler/ti-cgt-msp430_21.6.1.LTS/include" --priority --reread_libs --define=_MPU_ENABLE --diag_wrap=off --display_error_number --warn_sections --xml_link_info="Midterm2_extra_linkInfo.xml" --entry_point=RESET --use_hw_mpy=F5 -o "Midterm2_extra.out" "./main.obj" "../lnk_msp430fr6989.cmd"  -llibmpu_init.a -llibmath.a -llibc.a 
<Linking>
Finished building target: "Midterm2_extra.out"
 

**** Build Finished ****

**** Build of configuration Debug for project Midterm2_extra ****

"C:\\ti\\ccs1281\\ccs\\utils\\bin\\gmake" -k -j 20 all -O 
 
gmake[1]: 'Midterm2_extra.out' is up to date.

**** Build Finished ****

**** Build of configuration Debug for project Midterm2_extra ****

"C:\\ti\\ccs1281\\ccs\\utils\\bin\\gmake" -k -j 20 all -O 
 
Building file: "../main.asm"
Invoking: MSP430 Compiler
"C:/ti/ccs1281/ccs/tools/compiler/ti-cgt-msp430_21.6.1.LTS/bin/cl430" -vmspx --code_model=small --data_model=small --use_hw_mpy=F5 --include_path="C:/ti/ccs1281/ccs/ccs_base/msp430/include" --include_path="C:/Users/evanm/OneDrive/Desktop/Github Projects/OSU-Classes/ECE 2560/Midterm2_extra" --include_path="C:/ti/ccs1281/ccs/tools/compiler/ti-cgt-msp430_21.6.1.LTS/include" --advice:power=all --advice:hw_config=all --define=__MSP430FR6989__ --define=_MPU_ENABLE -g --printf_support=minimal --diag_warning=225 --diag_wrap=off --display_error_number --silicon_errata=CPU21 --silicon_errata=CPU22 --silicon_errata=CPU40 --preproc_with_compile --preproc_dependency="main.d_raw"  "../main.asm"
Finished building: "../main.asm"
 
Building target: "Midterm2_extra.out"
Invoking: MSP430 Linker
"C:/ti/ccs1281/ccs/tools/compiler/ti-cgt-msp430_21.6.1.LTS/bin/cl430" -vmspx --code_model=small --data_model=small --use_hw_mpy=F5 --advice:power=all --advice:hw_config=all --define=__MSP430FR6989__ --define=_MPU_ENABLE -g --printf_support=minimal --diag_warning=225 --diag_wrap=off --display_error_number --silicon_errata=CPU21 --silicon_errata=CPU22 --silicon_errata=CPU40 -z -m"Midterm2_extra.map" --heap_size=0 --stack_size=0 --cinit_hold_wdt=on -i"C:/ti/ccs1281/ccs/ccs_base/msp430/include" -i"C:/ti/ccs1281/ccs/ccs_base/msp430/lib/5xx_6xx_FRxx" -i"C:/ti/ccs1281/ccs/ccs_base/msp430/lib/FR59xx" -i"C:/ti/ccs1281/ccs/tools/compiler/ti-cgt-msp430_21.6.1.LTS/lib" -i"C:/ti/ccs1281/ccs/tools/compiler/ti-cgt-msp430_21.6.1.LTS/include" --priority --reread_libs --define=_MPU_ENABLE --diag_wrap=off --display_error_number --warn_sections --xml_link_info="Midterm2_extra_linkInfo.xml" --entry_point=RESET --use_hw_mpy=F5 -o "Midterm2_extra.out" "./main.obj" "../lnk_msp430fr6989.cmd"  -llibmpu_init.a -llibmath.a -llibc.a 
<Linking>
Finished building target: "Midterm2_extra.out"
 

**** Build Finished ****

**** Build of configuration Debug for project Midterm2_extra ****

"C:\\ti\\ccs1281\\ccs\\utils\\bin\\gmake" -k -j 20 all -O 
 
gmake[1]: 'Midterm2_extra.out' is up to date.

**** Build Finished ****

**** Build of configuration Debug for project Midterm2_extra ****

"C:\\ti\\ccs1281\\ccs\\utils\\bin\\gmake" -k -j 20 all -O 
 
Building file: "../main.asm"
Invoking: MSP430 Compiler
"C:/ti/ccs1281/ccs/tools/compiler/ti-cgt-msp430_21.6.1.LTS/bin/cl430" -vmspx --code_model=small --data_model=small --use_hw_mpy=F5 --include_path="C:/ti/ccs1281/ccs/ccs_base/msp430/include" --include_path="C:/Users/evanm/OneDrive/Desktop/Github Projects/OSU-Classes/ECE 2560/Midterm2_extra" --include_path="C:/ti/ccs1281/ccs/tools/compiler/ti-cgt-msp430_21.6.1.LTS/include" --advice:power=all --advice:hw_config=all --define=__MSP430FR6989__ --define=_MPU_ENABLE -g --printf_support=minimal --diag_warning=225 --diag_wrap=off --display_error_number --silicon_errata=CPU21 --silicon_errata=CPU22 --silicon_errata=CPU40 --preproc_with_compile --preproc_dependency="main.d_raw"  "../main.asm"
Finished building: "../main.asm"
 
Building target: "Midterm2_extra.out"
Invoking: MSP430 Linker
"C:/ti/ccs1281/ccs/tools/compiler/ti-cgt-msp430_21.6.1.LTS/bin/cl430" -vmspx --code_model=small --data_model=small --use_hw_mpy=F5 --advice:power=all --advice:hw_config=all --define=__MSP430FR6989__ --define=_MPU_ENABLE -g --printf_support=minimal --diag_warning=225 --diag_wrap=off --display_error_number --silicon_errata=CPU21 --silicon_errata=CPU22 --silicon_errata=CPU40 -z -m"Midterm2_extra.map" --heap_size=0 --stack_size=0 --cinit_hold_wdt=on -i"C:/ti/ccs1281/ccs/ccs_base/msp430/include" -i"C:/ti/ccs1281/ccs/ccs_base/msp430/lib/5xx_6xx_FRxx" -i"C:/ti/ccs1281/ccs/ccs_base/msp430/lib/FR59xx" -i"C:/ti/ccs1281/ccs/tools/compiler/ti-cgt-msp430_21.6.1.LTS/lib" -i"C:/ti/ccs1281/ccs/tools/compiler/ti-cgt-msp430_21.6.1.LTS/include" --priority --reread_libs --define=_MPU_ENABLE --diag_wrap=off --display_error_number --warn_sections --xml_link_info="Midterm2_extra_linkInfo.xml" --entry_point=RESET --use_hw_mpy=F5 -o "Midterm2_extra.out" "./main.obj" "../lnk_msp430fr6989.cmd"  -llibmpu_init.a -llibmath.a -llibc.a 
<Linking>
Finished building target: "Midterm2_extra.out"
 

**** Build Finished ****

**** Build of configuration Debug for project Midterm2_extra ****

"C:\\ti\\ccs1281\\ccs\\utils\\bin\\gmake" -k -j 20 all -O 
 
gmake[1]: 'Midterm2_extra.out' is up to date.

**** Build Finished ****

**** Build of configuration Debug for project Midterm2_extra ****

"C:\\ti\\ccs1281\\ccs\\utils\\bin\\gmake" -k -j 20 all -O 
 
Building file: "../main.asm"
Invoking: MSP430 Compiler
"C:/ti/ccs1281/ccs/tools/compiler/ti-cgt-msp430_21.6.1.LTS/bin/cl430" -vmspx --code_model=small --data_model=small --use_hw_mpy=F5 --include_path="C:/ti/ccs1281/ccs/ccs_base/msp430/include" --include_path="C:/Users/evanm/OneDrive/Desktop/Github Projects/OSU-Classes/ECE 2560/Midterm2_extra" --include_path="C:/ti/ccs1281/ccs/tools/compiler/ti-cgt-msp430_21.6.1.LTS/include" --advice:power=all --advice:hw_config=all --define=__MSP430FR6989__ --define=_MPU_ENABLE -g --printf_support=minimal --diag_warning=225 --diag_wrap=off --display_error_number --silicon_errata=CPU21 --silicon_errata=CPU22 --silicon_errata=CPU40 --preproc_with_compile --preproc_dependency="main.d_raw"  "../main.asm"
Finished building: "../main.asm"
 
Building target: "Midterm2_extra.out"
Invoking: MSP430 Linker
"C:/ti/ccs1281/ccs/tools/compiler/ti-cgt-msp430_21.6.1.LTS/bin/cl430" -vmspx --code_model=small --data_model=small --use_hw_mpy=F5 --advice:power=all --advice:hw_config=all --define=__MSP430FR6989__ --define=_MPU_ENABLE -g --printf_support=minimal --diag_warning=225 --diag_wrap=off --display_error_number --silicon_errata=CPU21 --silicon_errata=CPU22 --silicon_errata=CPU40 -z -m"Midterm2_extra.map" --heap_size=0 --stack_size=0 --cinit_hold_wdt=on -i"C:/ti/ccs1281/ccs/ccs_base/msp430/include" -i"C:/ti/ccs1281/ccs/ccs_base/msp430/lib/5xx_6xx_FRxx" -i"C:/ti/ccs1281/ccs/ccs_base/msp430/lib/FR59xx" -i"C:/ti/ccs1281/ccs/tools/compiler/ti-cgt-msp430_21.6.1.LTS/lib" -i"C:/ti/ccs1281/ccs/tools/compiler/ti-cgt-msp430_21.6.1.LTS/include" --priority --reread_libs --define=_MPU_ENABLE --diag_wrap=off --display_error_number --warn_sections --xml_link_info="Midterm2_extra_linkInfo.xml" --entry_point=RESET --use_hw_mpy=F5 -o "Midterm2_extra.out" "./main.obj" "../lnk_msp430fr6989.cmd"  -llibmpu_init.a -llibmath.a -llibc.a 
<Linking>
Finished building target: "Midterm2_extra.out"
 

**** Build Finished ****

**** Build of configuration Debug for project Midterm2_extra ****

"C:\\ti\\ccs1281\\ccs\\utils\\bin\\gmake" -k -j 20 all -O 
 
gmake[1]: 'Midterm2_extra.out' is up to date.

**** Build Finished ****

**** Build of configuration Debug for project test ****

"C:\\ti\\ccs1281\\ccs\\utils\\bin\\gmake" -k -j 20 all -O 
 
Building file: "../main.asm"
Invoking: MSP430 Compiler
"C:/ti/ccs1281/ccs/tools/compiler/ti-cgt-msp430_21.6.1.LTS/bin/cl430" -vmspx --code_model=small --data_model=small --use_hw_mpy=F5 --include_path="C:/ti/ccs1281/ccs/ccs_base/msp430/include" --include_path="C:/Users/evanm/OneDrive/Desktop/Github Projects/OSU-Classes/ECE 2560/test" --include_path="C:/ti/ccs1281/ccs/tools/compiler/ti-cgt-msp430_21.6.1.LTS/include" --advice:power=all --advice:hw_config=all --define=__MSP430FR6989__ --define=_MPU_ENABLE -g --printf_support=minimal --diag_warning=225 --diag_wrap=off --display_error_number --silicon_errata=CPU21 --silicon_errata=CPU22 --silicon_errata=CPU40 --preproc_with_compile --preproc_dependency="main.d_raw"  "../main.asm"
Finished building: "../main.asm"
 
Building target: "test.out"
Invoking: MSP430 Linker
"C:/ti/ccs1281/ccs/tools/compiler/ti-cgt-msp430_21.6.1.LTS/bin/cl430" -vmspx --code_model=small --data_model=small --use_hw_mpy=F5 --advice:power=all --advice:hw_config=all --define=__MSP430FR6989__ --define=_MPU_ENABLE -g --printf_support=minimal --diag_warning=225 --diag_wrap=off --display_error_number --silicon_errata=CPU21 --silicon_errata=CPU22 --silicon_errata=CPU40 -z -m"test.map" --heap_size=0 --stack_size=0 --cinit_hold_wdt=on -i"C:/ti/ccs1281/ccs/ccs_base/msp430/include" -i"C:/ti/ccs1281/ccs/ccs_base/msp430/lib/5xx_6xx_FRxx" -i"C:/ti/ccs1281/ccs/ccs_base/msp430/lib/FR59xx" -i"C:/ti/ccs1281/ccs/tools/compiler/ti-cgt-msp430_21.6.1.LTS/lib" -i"C:/ti/ccs1281/ccs/tools/compiler/ti-cgt-msp430_21.6.1.LTS/include" --priority --reread_libs --define=_MPU_ENABLE --diag_wrap=off --display_error_number --warn_sections --xml_link_info="test_linkInfo.xml" --entry_point=RESET --use_hw_mpy=F5 -o "test.out" "./main.obj" "../lnk_msp430fr6989.cmd"  -llibmpu_init.a -llibmath.a -llibc.a 
<Linking>
Finished building target: "test.out"
 

**** Build Finished ****

**** Build of configuration Debug for project test ****

"C:\\ti\\ccs1281\\ccs\\utils\\bin\\gmake" -k -j 20 all -O 
 
gmake[1]: 'test.out' is up to date.

**** Build Finished ****

**** Build of configuration Debug for project test ****

"C:\\ti\\ccs1281\\ccs\\utils\\bin\\gmake" -k -j 20 all -O 
 
Building file: "../main.asm"
Invoking: MSP430 Compiler
"C:/ti/ccs1281/ccs/tools/compiler/ti-cgt-msp430_21.6.1.LTS/bin/cl430" -vmspx --code_model=small --data_model=small --use_hw_mpy=F5 --include_path="C:/ti/ccs1281/ccs/ccs_base/msp430/include" --include_path="C:/Users/evanm/OneDrive/Desktop/Github Projects/OSU-Classes/ECE 2560/test" --include_path="C:/ti/ccs1281/ccs/tools/compiler/ti-cgt-msp430_21.6.1.LTS/include" --advice:power=all --advice:hw_config=all --define=__MSP430FR6989__ --define=_MPU_ENABLE -g --printf_support=minimal --diag_warning=225 --diag_wrap=off --display_error_number --silicon_errata=CPU21 --silicon_errata=CPU22 --silicon_errata=CPU40 --preproc_with_compile --preproc_dependency="main.d_raw"  "../main.asm"
Finished building: "../main.asm"
 
Building target: "test.out"
Invoking: MSP430 Linker
"C:/ti/ccs1281/ccs/tools/compiler/ti-cgt-msp430_21.6.1.LTS/bin/cl430" -vmspx --code_model=small --data_model=small --use_hw_mpy=F5 --advice:power=all --advice:hw_config=all --define=__MSP430FR6989__ --define=_MPU_ENABLE -g --printf_support=minimal --diag_warning=225 --diag_wrap=off --display_error_number --silicon_errata=CPU21 --silicon_errata=CPU22 --silicon_errata=CPU40 -z -m"test.map" --heap_size=0 --stack_size=0 --cinit_hold_wdt=on -i"C:/ti/ccs1281/ccs/ccs_base/msp430/include" -i"C:/ti/ccs1281/ccs/ccs_base/msp430/lib/5xx_6xx_FRxx" -i"C:/ti/ccs1281/ccs/ccs_base/msp430/lib/FR59xx" -i"C:/ti/ccs1281/ccs/tools/compiler/ti-cgt-msp430_21.6.1.LTS/lib" -i"C:/ti/ccs1281/ccs/tools/compiler/ti-cgt-msp430_21.6.1.LTS/include" --priority --reread_libs --define=_MPU_ENABLE --diag_wrap=off --display_error_number --warn_sections --xml_link_info="test_linkInfo.xml" --entry_point=RESET --use_hw_mpy=F5 -o "test.out" "./main.obj" "../lnk_msp430fr6989.cmd"  -llibmpu_init.a -llibmath.a -llibc.a 
<Linking>
Finished building target: "test.out"
 

**** Build Finished ****

**** Build of configuration Debug for project test ****

"C:\\ti\\ccs1281\\ccs\\utils\\bin\\gmake" -k -j 20 all -O 
 
gmake[1]: 'test.out' is up to date.

**** Build Finished ****

**** Build of configuration Debug for project Final ****

"C:\\ti\\ccs1281\\ccs\\utils\\bin\\gmake" -k -j 20 all -O 
 
Building file: "../main.asm"
Invoking: MSP430 Compiler
"C:/ti/ccs1281/ccs/tools/compiler/ti-cgt-msp430_21.6.1.LTS/bin/cl430" -vmspx --code_model=small --data_model=small --use_hw_mpy=F5 --include_path="C:/ti/ccs1281/ccs/ccs_base/msp430/include" --include_path="C:/Users/evanm/OneDrive/Desktop/Github Projects/OSU-Classes/ECE 2560/Final" --include_path="C:/ti/ccs1281/ccs/tools/compiler/ti-cgt-msp430_21.6.1.LTS/include" --advice:power=all --advice:hw_config=all --define=__MSP430FR6989__ --define=_MPU_ENABLE -g --printf_support=minimal --diag_warning=225 --diag_wrap=off --display_error_number --silicon_errata=CPU21 --silicon_errata=CPU22 --silicon_errata=CPU40 --preproc_with_compile --preproc_dependency="main.d_raw"  "../main.asm"
Finished building: "../main.asm"
 
Building target: "Final.out"
Invoking: MSP430 Linker
"C:/ti/ccs1281/ccs/tools/compiler/ti-cgt-msp430_21.6.1.LTS/bin/cl430" -vmspx --code_model=small --data_model=small --use_hw_mpy=F5 --advice:power=all --advice:hw_config=all --define=__MSP430FR6989__ --define=_MPU_ENABLE -g --printf_support=minimal --diag_warning=225 --diag_wrap=off --display_error_number --silicon_errata=CPU21 --silicon_errata=CPU22 --silicon_errata=CPU40 -z -m"Final.map" --heap_size=0 --stack_size=0 --cinit_hold_wdt=on -i"C:/ti/ccs1281/ccs/ccs_base/msp430/include" -i"C:/ti/ccs1281/ccs/ccs_base/msp430/lib/5xx_6xx_FRxx" -i"C:/ti/ccs1281/ccs/ccs_base/msp430/lib/FR59xx" -i"C:/ti/ccs1281/ccs/tools/compiler/ti-cgt-msp430_21.6.1.LTS/lib" -i"C:/ti/ccs1281/ccs/tools/compiler/ti-cgt-msp430_21.6.1.LTS/include" --priority --reread_libs --define=_MPU_ENABLE --diag_wrap=off --display_error_number --warn_sections --xml_link_info="Final_linkInfo.xml" --entry_point=RESET --use_hw_mpy=F5 -o "Final.out" "./main.obj" "../lnk_msp430fr6989.cmd"  -llibmpu_init.a -llibmath.a -llibc.a 
<Linking>
Finished building target: "Final.out"
 

**** Build Finished ****

**** Build of configuration Debug for project Final ****

"C:\\ti\\ccs1281\\ccs\\utils\\bin\\gmake" -k -j 20 all -O 
 
gmake[1]: 'Final.out' is up to date.

**** Build Finished ****

**** Build of configuration Debug for project Final ****

"C:\\ti\\ccs1281\\ccs\\utils\\bin\\gmake" -k -j 20 all -O 
 
Building file: "../main.asm"
Invoking: MSP430 Compiler
"C:/ti/ccs1281/ccs/tools/compiler/ti-cgt-msp430_21.6.1.LTS/bin/cl430" -vmspx --code_model=small --data_model=small --use_hw_mpy=F5 --include_path="C:/ti/ccs1281/ccs/ccs_base/msp430/include" --include_path="C:/Users/evanm/OneDrive/Desktop/Github Projects/OSU-Classes/ECE 2560/Final" --include_path="C:/ti/ccs1281/ccs/tools/compiler/ti-cgt-msp430_21.6.1.LTS/include" --advice:power=all --advice:hw_config=all --define=__MSP430FR6989__ --define=_MPU_ENABLE -g --printf_support=minimal --diag_warning=225 --diag_wrap=off --display_error_number --silicon_errata=CPU21 --silicon_errata=CPU22 --silicon_errata=CPU40 --preproc_with_compile --preproc_dependency="main.d_raw"  "../main.asm"
Finished building: "../main.asm"
 
Building target: "Final.out"
Invoking: MSP430 Linker
"C:/ti/ccs1281/ccs/tools/compiler/ti-cgt-msp430_21.6.1.LTS/bin/cl430" -vmspx --code_model=small --data_model=small --use_hw_mpy=F5 --advice:power=all --advice:hw_config=all --define=__MSP430FR6989__ --define=_MPU_ENABLE -g --printf_support=minimal --diag_warning=225 --diag_wrap=off --display_error_number --silicon_errata=CPU21 --silicon_errata=CPU22 --silicon_errata=CPU40 -z -m"Final.map" --heap_size=0 --stack_size=0 --cinit_hold_wdt=on -i"C:/ti/ccs1281/ccs/ccs_base/msp430/include" -i"C:/ti/ccs1281/ccs/ccs_base/msp430/lib/5xx_6xx_FRxx" -i"C:/ti/ccs1281/ccs/ccs_base/msp430/lib/FR59xx" -i"C:/ti/ccs1281/ccs/tools/compiler/ti-cgt-msp430_21.6.1.LTS/lib" -i"C:/ti/ccs1281/ccs/tools/compiler/ti-cgt-msp430_21.6.1.LTS/include" --priority --reread_libs --define=_MPU_ENABLE --diag_wrap=off --display_error_number --warn_sections --xml_link_info="Final_linkInfo.xml" --entry_point=RESET --use_hw_mpy=F5 -o "Final.out" "./main.obj" "../lnk_msp430fr6989.cmd"  -llibmpu_init.a -llibmath.a -llibc.a 
<Linking>
Finished building target: "Final.out"
 

**** Build Finished ****

**** Build of configuration Debug for project Final ****

"C:\\ti\\ccs1281\\ccs\\utils\\bin\\gmake" -k -j 20 all -O 
 
gmake[1]: 'Final.out' is up to date.

**** Build Finished ****

**** Build of configuration Debug for project Final ****

"C:\\ti\\ccs1281\\ccs\\utils\\bin\\gmake" -k -j 20 all -O 
 
gmake[1]: 'Final.out' is up to date.

**** Build Finished ****

**** Build of configuration Debug for project test ****

"C:\\ti\\ccs1281\\ccs\\utils\\bin\\gmake" -k -j 20 all -O 
 
Building file: "../main.asm"
Invoking: MSP430 Compiler
"C:/ti/ccs1281/ccs/tools/compiler/ti-cgt-msp430_21.6.1.LTS/bin/cl430" -vmspx --code_model=small --data_model=small --use_hw_mpy=F5 --include_path="C:/ti/ccs1281/ccs/ccs_base/msp430/include" --include_path="C:/Users/evanm/OneDrive/Desktop/Github Projects/OSU-Classes/ECE 2560/test" --include_path="C:/ti/ccs1281/ccs/tools/compiler/ti-cgt-msp430_21.6.1.LTS/include" --advice:power=all --advice:hw_config=all --define=__MSP430FR6989__ --define=_MPU_ENABLE -g --printf_support=minimal --diag_warning=225 --diag_wrap=off --display_error_number --silicon_errata=CPU21 --silicon_errata=CPU22 --silicon_errata=CPU40 --preproc_with_compile --preproc_dependency="main.d_raw"  "../main.asm"
2 Assembly Errors, No Assembly Warnings
 
>> Compilation failure
subdir_rules.mk:9: recipe for target 'main.obj' failed
"../main.asm", ERROR!   at line 87: [E0001] Undefined symbol
	            jeq		reset
 
"../main.asm", ERROR!   at EOF: [E0300] The following symbols are undefined:
  reset
 
Errors in Source - Assembler Aborted
gmake: *** [main.obj] Error 1
gmake: Target 'all' not remade because of errors.

**** Build Finished ****

**** Build of configuration Debug for project test ****

"C:\\ti\\ccs1281\\ccs\\utils\\bin\\gmake" -k -j 20 all -O 
 
Building file: "../main.asm"
Invoking: MSP430 Compiler
"C:/ti/ccs1281/ccs/tools/compiler/ti-cgt-msp430_21.6.1.LTS/bin/cl430" -vmspx --code_model=small --data_model=small --use_hw_mpy=F5 --include_path="C:/ti/ccs1281/ccs/ccs_base/msp430/include" --include_path="C:/Users/evanm/OneDrive/Desktop/Github Projects/OSU-Classes/ECE 2560/test" --include_path="C:/ti/ccs1281/ccs/tools/compiler/ti-cgt-msp430_21.6.1.LTS/include" --advice:power=all --advice:hw_config=all --define=__MSP430FR6989__ --define=_MPU_ENABLE -g --printf_support=minimal --diag_warning=225 --diag_wrap=off --display_error_number --silicon_errata=CPU21 --silicon_errata=CPU22 --silicon_errata=CPU40 --preproc_with_compile --preproc_dependency="main.d_raw"  "../main.asm"
2 Assembly Errors, No Assembly Warnings
 
>> Compilation failure
subdir_rules.mk:9: recipe for target 'main.obj' failed
"../main.asm", ERROR!   at line 87: [E0001] Undefined symbol
	            jeq		reset
 
"../main.asm", ERROR!   at EOF: [E0300] The following symbols are undefined:
  reset
 
Errors in Source - Assembler Aborted
gmake: *** [main.obj] Error 1
gmake: Target 'all' not remade because of errors.

**** Build Finished ****

**** Build of configuration Debug for project test ****

"C:\\ti\\ccs1281\\ccs\\utils\\bin\\gmake" -k -j 20 all -O 
 
Building file: "../main.asm"
Invoking: MSP430 Compiler
"C:/ti/ccs1281/ccs/tools/compiler/ti-cgt-msp430_21.6.1.LTS/bin/cl430" -vmspx --code_model=small --data_model=small --use_hw_mpy=F5 --include_path="C:/ti/ccs1281/ccs/ccs_base/msp430/include" --include_path="C:/Users/evanm/OneDrive/Desktop/Github Projects/OSU-Classes/ECE 2560/test" --include_path="C:/ti/ccs1281/ccs/tools/compiler/ti-cgt-msp430_21.6.1.LTS/include" --advice:power=all --advice:hw_config=all --define=__MSP430FR6989__ --define=_MPU_ENABLE -g --printf_support=minimal --diag_warning=225 --diag_wrap=off --display_error_number --silicon_errata=CPU21 --silicon_errata=CPU22 --silicon_errata=CPU40 --preproc_with_compile --preproc_dependency="main.d_raw"  "../main.asm"
Finished building: "../main.asm"
 
Building target: "test.out"
Invoking: MSP430 Linker
"C:/ti/ccs1281/ccs/tools/compiler/ti-cgt-msp430_21.6.1.LTS/bin/cl430" -vmspx --code_model=small --data_model=small --use_hw_mpy=F5 --advice:power=all --advice:hw_config=all --define=__MSP430FR6989__ --define=_MPU_ENABLE -g --printf_support=minimal --diag_warning=225 --diag_wrap=off --display_error_number --silicon_errata=CPU21 --silicon_errata=CPU22 --silicon_errata=CPU40 -z -m"test.map" --heap_size=0 --stack_size=0 --cinit_hold_wdt=on -i"C:/ti/ccs1281/ccs/ccs_base/msp430/include" -i"C:/ti/ccs1281/ccs/ccs_base/msp430/lib/5xx_6xx_FRxx" -i"C:/ti/ccs1281/ccs/ccs_base/msp430/lib/FR59xx" -i"C:/ti/ccs1281/ccs/tools/compiler/ti-cgt-msp430_21.6.1.LTS/lib" -i"C:/ti/ccs1281/ccs/tools/compiler/ti-cgt-msp430_21.6.1.LTS/include" --priority --reread_libs --define=_MPU_ENABLE --diag_wrap=off --display_error_number --warn_sections --xml_link_info="test_linkInfo.xml" --entry_point=RESET --use_hw_mpy=F5 -o "test.out" "./main.obj" "../lnk_msp430fr6989.cmd"  -llibmpu_init.a -llibmath.a -llibc.a 
<Linking>
Finished building target: "test.out"
 

**** Build Finished ****

**** Build of configuration Debug for project test ****

"C:\\ti\\ccs1281\\ccs\\utils\\bin\\gmake" -k -j 20 all -O 
 
gmake[1]: 'test.out' is up to date.

**** Build Finished ****

**** Build of configuration Debug for project test ****

"C:\\ti\\ccs1281\\ccs\\utils\\bin\\gmake" -k -j 20 all -O 
 
Building file: "../main.asm"
Invoking: MSP430 Compiler
"C:/ti/ccs1281/ccs/tools/compiler/ti-cgt-msp430_21.6.1.LTS/bin/cl430" -vmspx --code_model=small --data_model=small --use_hw_mpy=F5 --include_path="C:/ti/ccs1281/ccs/ccs_base/msp430/include" --include_path="C:/Users/evanm/OneDrive/Desktop/Github Projects/OSU-Classes/ECE 2560/test" --include_path="C:/ti/ccs1281/ccs/tools/compiler/ti-cgt-msp430_21.6.1.LTS/include" --advice:power=all --advice:hw_config=all --define=__MSP430FR6989__ --define=_MPU_ENABLE -g --printf_support=minimal --diag_warning=225 --diag_wrap=off --display_error_number --silicon_errata=CPU21 --silicon_errata=CPU22 --silicon_errata=CPU40 --preproc_with_compile --preproc_dependency="main.d_raw"  "../main.asm"
Finished building: "../main.asm"
 
Building target: "test.out"
Invoking: MSP430 Linker
"C:/ti/ccs1281/ccs/tools/compiler/ti-cgt-msp430_21.6.1.LTS/bin/cl430" -vmspx --code_model=small --data_model=small --use_hw_mpy=F5 --advice:power=all --advice:hw_config=all --define=__MSP430FR6989__ --define=_MPU_ENABLE -g --printf_support=minimal --diag_warning=225 --diag_wrap=off --display_error_number --silicon_errata=CPU21 --silicon_errata=CPU22 --silicon_errata=CPU40 -z -m"test.map" --heap_size=0 --stack_size=0 --cinit_hold_wdt=on -i"C:/ti/ccs1281/ccs/ccs_base/msp430/include" -i"C:/ti/ccs1281/ccs/ccs_base/msp430/lib/5xx_6xx_FRxx" -i"C:/ti/ccs1281/ccs/ccs_base/msp430/lib/FR59xx" -i"C:/ti/ccs1281/ccs/tools/compiler/ti-cgt-msp430_21.6.1.LTS/lib" -i"C:/ti/ccs1281/ccs/tools/compiler/ti-cgt-msp430_21.6.1.LTS/include" --priority --reread_libs --define=_MPU_ENABLE --diag_wrap=off --display_error_number --warn_sections --xml_link_info="test_linkInfo.xml" --entry_point=RESET --use_hw_mpy=F5 -o "test.out" "./main.obj" "../lnk_msp430fr6989.cmd"  -llibmpu_init.a -llibmath.a -llibc.a 
<Linking>
Finished building target: "test.out"
 

**** Build Finished ****

**** Build of configuration Debug for project test ****

"C:\\ti\\ccs1281\\ccs\\utils\\bin\\gmake" -k -j 20 all -O 
 
gmake[1]: 'test.out' is up to date.

**** Build Finished ****

**** Build of configuration Debug for project test ****

"C:\\ti\\ccs1281\\ccs\\utils\\bin\\gmake" -k -j 20 all -O 
 
Building file: "../main.asm"
Invoking: MSP430 Compiler
"C:/ti/ccs1281/ccs/tools/compiler/ti-cgt-msp430_21.6.1.LTS/bin/cl430" -vmspx --code_model=small --data_model=small --use_hw_mpy=F5 --include_path="C:/ti/ccs1281/ccs/ccs_base/msp430/include" --include_path="C:/Users/evanm/OneDrive/Desktop/Github Projects/OSU-Classes/ECE 2560/test" --include_path="C:/ti/ccs1281/ccs/tools/compiler/ti-cgt-msp430_21.6.1.LTS/include" --advice:power=all --advice:hw_config=all --define=__MSP430FR6989__ --define=_MPU_ENABLE -g --printf_support=minimal --diag_warning=225 --diag_wrap=off --display_error_number --silicon_errata=CPU21 --silicon_errata=CPU22 --silicon_errata=CPU40 --preproc_with_compile --preproc_dependency="main.d_raw"  "../main.asm"
Finished building: "../main.asm"
 
Building target: "test.out"
Invoking: MSP430 Linker
"C:/ti/ccs1281/ccs/tools/compiler/ti-cgt-msp430_21.6.1.LTS/bin/cl430" -vmspx --code_model=small --data_model=small --use_hw_mpy=F5 --advice:power=all --advice:hw_config=all --define=__MSP430FR6989__ --define=_MPU_ENABLE -g --printf_support=minimal --diag_warning=225 --diag_wrap=off --display_error_number --silicon_errata=CPU21 --silicon_errata=CPU22 --silicon_errata=CPU40 -z -m"test.map" --heap_size=0 --stack_size=0 --cinit_hold_wdt=on -i"C:/ti/ccs1281/ccs/ccs_base/msp430/include" -i"C:/ti/ccs1281/ccs/ccs_base/msp430/lib/5xx_6xx_FRxx" -i"C:/ti/ccs1281/ccs/ccs_base/msp430/lib/FR59xx" -i"C:/ti/ccs1281/ccs/tools/compiler/ti-cgt-msp430_21.6.1.LTS/lib" -i"C:/ti/ccs1281/ccs/tools/compiler/ti-cgt-msp430_21.6.1.LTS/include" --priority --reread_libs --define=_MPU_ENABLE --diag_wrap=off --display_error_number --warn_sections --xml_link_info="test_linkInfo.xml" --entry_point=RESET --use_hw_mpy=F5 -o "test.out" "./main.obj" "../lnk_msp430fr6989.cmd"  -llibmpu_init.a -llibmath.a -llibc.a 
<Linking>
Finished building target: "test.out"
 

**** Build Finished ****

**** Build of configuration Debug for project test ****

"C:\\ti\\ccs1281\\ccs\\utils\\bin\\gmake" -k -j 20 all -O 
 
gmake[1]: 'test.out' is up to date.

**** Build Finished ****

**** Build of configuration Debug for project Final ****

"C:\\ti\\ccs1281\\ccs\\utils\\bin\\gmake" -k -j 20 all -O 
 
Building file: "../main.asm"
Invoking: MSP430 Compiler
"C:/ti/ccs1281/ccs/tools/compiler/ti-cgt-msp430_21.6.1.LTS/bin/cl430" -vmspx --code_model=small --data_model=small --use_hw_mpy=F5 --include_path="C:/ti/ccs1281/ccs/ccs_base/msp430/include" --include_path="C:/Users/evanm/OneDrive/Desktop/Github Projects/OSU-Classes/ECE 2560/Final" --include_path="C:/ti/ccs1281/ccs/tools/compiler/ti-cgt-msp430_21.6.1.LTS/include" --advice:power=all --advice:hw_config=all --define=__MSP430FR6989__ --define=_MPU_ENABLE -g --printf_support=minimal --diag_warning=225 --diag_wrap=off --display_error_number --silicon_errata=CPU21 --silicon_errata=CPU22 --silicon_errata=CPU40 --preproc_with_compile --preproc_dependency="main.d_raw"  "../main.asm"
Finished building: "../main.asm"
 
Building target: "Final.out"
Invoking: MSP430 Linker
"C:/ti/ccs1281/ccs/tools/compiler/ti-cgt-msp430_21.6.1.LTS/bin/cl430" -vmspx --code_model=small --data_model=small --use_hw_mpy=F5 --advice:power=all --advice:hw_config=all --define=__MSP430FR6989__ --define=_MPU_ENABLE -g --printf_support=minimal --diag_warning=225 --diag_wrap=off --display_error_number --silicon_errata=CPU21 --silicon_errata=CPU22 --silicon_errata=CPU40 -z -m"Final.map" --heap_size=0 --stack_size=0 --cinit_hold_wdt=on -i"C:/ti/ccs1281/ccs/ccs_base/msp430/include" -i"C:/ti/ccs1281/ccs/ccs_base/msp430/lib/5xx_6xx_FRxx" -i"C:/ti/ccs1281/ccs/ccs_base/msp430/lib/FR59xx" -i"C:/ti/ccs1281/ccs/tools/compiler/ti-cgt-msp430_21.6.1.LTS/lib" -i"C:/ti/ccs1281/ccs/tools/compiler/ti-cgt-msp430_21.6.1.LTS/include" --priority --reread_libs --define=_MPU_ENABLE --diag_wrap=off --display_error_number --warn_sections --xml_link_info="Final_linkInfo.xml" --entry_point=RESET --use_hw_mpy=F5 -o "Final.out" "./main.obj" "../lnk_msp430fr6989.cmd"  -llibmpu_init.a -llibmath.a -llibc.a 
<Linking>
Finished building target: "Final.out"
 

**** Build Finished ****

**** Build of configuration Debug for project Final ****

"C:\\ti\\ccs1281\\ccs\\utils\\bin\\gmake" -k -j 20 all -O 
 
gmake[1]: 'Final.out' is up to date.

**** Build Finished ****

**** Build of configuration Debug for project Final ****

"C:\\ti\\ccs1281\\ccs\\utils\\bin\\gmake" -k -j 20 all -O 
 
Building file: "../main.asm"
Invoking: MSP430 Compiler
"C:/ti/ccs1281/ccs/tools/compiler/ti-cgt-msp430_21.6.1.LTS/bin/cl430" -vmspx --code_model=small --data_model=small --use_hw_mpy=F5 --include_path="C:/ti/ccs1281/ccs/ccs_base/msp430/include" --include_path="C:/Users/evanm/OneDrive/Desktop/Github Projects/OSU-Classes/ECE 2560/Final" --include_path="C:/ti/ccs1281/ccs/tools/compiler/ti-cgt-msp430_21.6.1.LTS/include" --advice:power=all --advice:hw_config=all --define=__MSP430FR6989__ --define=_MPU_ENABLE -g --printf_support=minimal --diag_warning=225 --diag_wrap=off --display_error_number --silicon_errata=CPU21 --silicon_errata=CPU22 --silicon_errata=CPU40 --preproc_with_compile --preproc_dependency="main.d_raw"  "../main.asm"
Finished building: "../main.asm"
 
Building target: "Final.out"
Invoking: MSP430 Linker
"C:/ti/ccs1281/ccs/tools/compiler/ti-cgt-msp430_21.6.1.LTS/bin/cl430" -vmspx --code_model=small --data_model=small --use_hw_mpy=F5 --advice:power=all --advice:hw_config=all --define=__MSP430FR6989__ --define=_MPU_ENABLE -g --printf_support=minimal --diag_warning=225 --diag_wrap=off --display_error_number --silicon_errata=CPU21 --silicon_errata=CPU22 --silicon_errata=CPU40 -z -m"Final.map" --heap_size=0 --stack_size=0 --cinit_hold_wdt=on -i"C:/ti/ccs1281/ccs/ccs_base/msp430/include" -i"C:/ti/ccs1281/ccs/ccs_base/msp430/lib/5xx_6xx_FRxx" -i"C:/ti/ccs1281/ccs/ccs_base/msp430/lib/FR59xx" -i"C:/ti/ccs1281/ccs/tools/compiler/ti-cgt-msp430_21.6.1.LTS/lib" -i"C:/ti/ccs1281/ccs/tools/compiler/ti-cgt-msp430_21.6.1.LTS/include" --priority --reread_libs --define=_MPU_ENABLE --diag_wrap=off --display_error_number --warn_sections --xml_link_info="Final_linkInfo.xml" --entry_point=RESET --use_hw_mpy=F5 -o "Final.out" "./main.obj" "../lnk_msp430fr6989.cmd"  -llibmpu_init.a -llibmath.a -llibc.a 
<Linking>
Finished building target: "Final.out"
 

**** Build Finished ****

**** Build of configuration Debug for project Final ****

"C:\\ti\\ccs1281\\ccs\\utils\\bin\\gmake" -k -j 20 all -O 
 
gmake[1]: 'Final.out' is up to date.

**** Build Finished ****
